Workbook

Sheet WBS
B1: WBS – từ điển rút gọn
B2: Cấp 1 = 10 nhóm công việc · work package có mã HĐ A – T là hoạt động của lịch; "–" = gói quản lý dự án · cột G – I lấy từ sheet Hoạt động, lịch
B3: MÃ WBS | C3: TÊN PHẦN TỬ | D3: SẢN PHẨM | E3: PHỤ TRÁCH | F3: HĐ | G3: SỐ TUẦN | H3: TUẦN | I3: CRITICAL?
B5: 0 | C5: Atlas RMS | D5: D1 – D10; 26 tuần; 1,5 tỷ đồng | E5: Duy An (PM)
B6: 1 | C6: Quản lý dự án | D6: D8 | E6: Duy An
B7: 1.1 | C7: Khởi tạo, kế hoạch | D7: Hồ sơ khởi tạo, kế hoạch (D8) | E7: Duy An
B8: 1.1.1 | C8: Charter, kick-off | D8: Charter ký, kick-off (M0) | E8: Duy An | F8: –
B9: 1.1.2 | C9: Kế hoạch dự án | D9: Kế hoạch Sponsor duyệt (M1) | E9: Duy An | F9: –
B10: 1.1.3 | C10: Hợp đồng đối tác | D10: Hợp đồng RMS, hóa đơn, QR | E10: Lê Anh | F10: –
B11: 1.2 | C11: Giám sát, kiểm soát | D11: Hồ sơ giám sát (D8) | E11: Duy An
B12: 1.2.1 | C12: Báo cáo, EVM | D12: 13 báo cáo có SPI, CPI | E12: Tuấn Anh | F12: –
B13: 1.2.2 | C13: Thay đổi, rủi ro | D13: Nhật ký thay đổi, risk register | E13: Quang Hiếu | F13: –
B14: 2 | C14: Khảo sát, phân tích yêu cầu | D14: D9 (SRS) | E14: Đức Anh
B15: 2.1 | C15: Khảo sát hiện trạng | D15: Báo cáo hiện trạng 5 nhà hàng | E15: Đức Anh | F15: A | G15: =IFERROR(INDEX('Hoạt động, lịch'!$I$5:$I$26,MATCH($F15,'Hoạt động, lịch'!$B$5:$B$26,0)),"") -> 3 | H15: =IFERROR(INDEX('Hoạt động, lịch'!$S$5:$S$26,MATCH($F15,'Hoạt động, lịch'!$B$5:$B$26,0)),"") -> Tuần 1–3 | I15: =IFERROR(INDEX('Hoạt động, lịch'!$R$5:$R$26,MATCH($F15,'Hoạt động, lịch'!$B$5:$B$26,0)),"") -> Critical
B16: 2.2 | C16: Đặc tả yêu cầu (SRS) | D16: SRS, ma trận truy vết (M1) | E16: Đức Anh | F16: B | G16: =IFERROR(INDEX('Hoạt động, lịch'!$I$5:$I$26,MATCH($F16,'Hoạt động, lịch'!$B$5:$B$26,0)),"") -> 3 | H16: =IFERROR(INDEX('Hoạt động, lịch'!$S$5:$S$26,MATCH($F16,'Hoạt động, lịch'!$B$5:$B$26,0)),"") -> Tuần 4–6 | I16: =IFERROR(INDEX('Hoạt động, lịch'!$R$5:$R$26,MATCH($F16,'Hoạt động, lịch'!$B$5:$B$26,0)),"") -> Critical
B17: 3 | C17: Thiết kế giải pháp | D17: D9 (thiết kế) | E17: Đối tác RMS
B18: 3.1 | C18: Quy trình, cấu hình | D18: Thiết kế to-be được duyệt (M2) | E18: Đối tác RMS | F18: C | G18: =IFERROR(INDEX('Hoạt động, lịch'!$I$5:$I$26,MATCH($F18,'Hoạt động, lịch'!$B$5:$B$26,0)),"") -> 2 | H18: =IFERROR(INDEX('Hoạt động, lịch'!$S$5:$S$26,MATCH($F18,'Hoạt động, lịch'!$B$5:$B$26,0)),"") -> Tuần 7–8 | I18: =IFERROR(INDEX('Hoạt động, lịch'!$R$5:$R$26,MATCH($F18,'Hoạt động, lịch'!$B$5:$B$26,0)),"") -> Critical
B19: 3.2 | C19: Kiến trúc tích hợp | D19: Đặc tả 5 kết nối, web, QR (M2) | E19: Đối tác RMS | F19: D | G19: =IFERROR(INDEX('Hoạt động, lịch'!$I$5:$I$26,MATCH($F19,'Hoạt động, lịch'!$B$5:$B$26,0)),"") -> 2 | H19: =IFERROR(INDEX('Hoạt động, lịch'!$S$5:$S$26,MATCH($F19,'Hoạt động, lịch'!$B$5:$B$26,0)),"") -> Tuần 7–8 | I19: =IFERROR(INDEX('Hoạt động, lịch'!$R$5:$R$26,MATCH($F19,'Hoạt động, lịch'!$B$5:$B$26,0)),"")
B20: 4 | C20: Cấu hình, tích hợp | D20: D1, D2, D3 | E20: Đối tác RMS
B21: 4.1 | C21: RMS lõi | D21: P1 – P5, P7, P8 đạt demo | E21: Đối tác RMS | F21: E | G21: =IFERROR(INDEX('Hoạt động, lịch'!$I$5:$I$26,MATCH($F21,'Hoạt động, lịch'!$B$5:$B$26,0)),"") -> 6 | H21: =IFERROR(INDEX('Hoạt động, lịch'!$S$5:$S$26,MATCH($F21,'Hoạt động, lịch'!$B$5:$B$26,0)),"") -> Tuần 9–14 | I21: =IFERROR(INDEX('Hoạt động, lịch'!$R$5:$R$26,MATCH($F21,'Hoạt động, lịch'!$B$5:$B$26,0)),"") -> Critical
B22: 4.2 | C22: Tích hợp, kênh online | D22: D2, D3 trên môi trường thử | E22: Đối tác RMS
B23: 4.2.1 | C23: Tích hợp ngoài (P9) | D23: 5 kết nối ngoài chạy thử đạt | E23: Đối tác RMS | F23: F | G23: =IFERROR(INDEX('Hoạt động, lịch'!$I$5:$I$26,MATCH($F23,'Hoạt động, lịch'!$B$5:$B$26,0)),"") -> 5 | H23: =IFERROR(INDEX('Hoạt động, lịch'!$S$5:$S$26,MATCH($F23,'Hoạt động, lịch'!$B$5:$B$26,0)),"") -> Tuần 9–13 | I23: =IFERROR(INDEX('Hoạt động, lịch'!$R$5:$R$26,MATCH($F23,'Hoạt động, lịch'!$B$5:$B$26,0)),"")
B24: 4.2.2 | C24: Kênh online (P6) | D24: Web, QR order chạy thử đạt | E24: Đối tác RMS | F24: G | G24: =IFERROR(INDEX('Hoạt động, lịch'!$I$5:$I$26,MATCH($F24,'Hoạt động, lịch'!$B$5:$B$26,0)),"") -> 4 | H24: =IFERROR(INDEX('Hoạt động, lịch'!$S$5:$S$26,MATCH($F24,'Hoạt động, lịch'!$B$5:$B$26,0)),"") -> Tuần 9–12 | I24: =IFERROR(INDEX('Hoạt động, lịch'!$R$5:$R$26,MATCH($F24,'Hoạt động, lịch'!$B$5:$B$26,0)),"")
B25: 5 | C25: Thiết bị, mạng | D25: D4 | E25: Lê Anh
B26: 5.1 | C26: Thiết bị đợt 1 (pilot) | D26: Bàn giao Cầu Giấy, văn phòng | E26: Lê Anh | F26: H | G26: =IFERROR(INDEX('Hoạt động, lịch'!$I$5:$I$26,MATCH($F26,'Hoạt động, lịch'!$B$5:$B$26,0)),"") -> 4 | H26: =IFERROR(INDEX('Hoạt động, lịch'!$S$5:$S$26,MATCH($F26,'Hoạt động, lịch'!$B$5:$B$26,0)),"") -> Tuần 9–12 | I26: =IFERROR(INDEX('Hoạt động, lịch'!$R$5:$R$26,MATCH($F26,'Hoạt động, lịch'!$B$5:$B$26,0)),"")
B27: 5.2 | C27: Thiết bị đợt 2 | D27: 4 nhà hàng, lắp trước go-live | E27: Lê Anh | F27: I | G27: =IFERROR(INDEX('Hoạt động, lịch'!$I$5:$I$26,MATCH($F27,'Hoạt động, lịch'!$B$5:$B$26,0)),"") -> 5 | H27: =IFERROR(INDEX('Hoạt động, lịch'!$S$5:$S$26,MATCH($F27,'Hoạt động, lịch'!$B$5:$B$26,0)),"") -> Tuần 13–17 | I27: =IFERROR(INDEX('Hoạt động, lịch'!$R$5:$R$26,MATCH($F27,'Hoạt động, lịch'!$B$5:$B$26,0)),"")
B28: 6 | C28: Chuyển đổi dữ liệu | D28: D5 | E28: Đức Anh
B29: 6.1 | C29: Thực đơn, công thức | D29: 100% món có giá, công thức | E29: Đức Anh | F29: J | G29: =IFERROR(INDEX('Hoạt động, lịch'!$I$5:$I$26,MATCH($F29,'Hoạt động, lịch'!$B$5:$B$26,0)),"") -> 4 | H29: =IFERROR(INDEX('Hoạt động, lịch'!$S$5:$S$26,MATCH($F29,'Hoạt động, lịch'!$B$5:$B$26,0)),"") -> Tuần 9–12 | I29: =IFERROR(INDEX('Hoạt động, lịch'!$R$5:$R$26,MATCH($F29,'Hoạt động, lịch'!$B$5:$B$26,0)),"")
B30: 6.2 | C30: Khách hàng, tồn kho | D30: Tồn kho khớp 100% kiểm kê | E30: Quang Hiếu | F30: K | G30: =IFERROR(INDEX('Hoạt động, lịch'!$I$5:$I$26,MATCH($F30,'Hoạt động, lịch'!$B$5:$B$26,0)),"") -> 3 | H30: =IFERROR(INDEX('Hoạt động, lịch'!$S$5:$S$26,MATCH($F30,'Hoạt động, lịch'!$B$5:$B$26,0)),"") -> Tuần 13–15 | I30: =IFERROR(INDEX('Hoạt động, lịch'!$R$5:$R$26,MATCH($F30,'Hoạt động, lịch'!$B$5:$B$26,0)),"")
B31: 7 | C31: Kiểm thử | D31: D9 (kiểm thử) | E31: Quang Hiếu
B32: 7.1 | C32: SIT, kiểm thử tải | D32: SIT đạt; tải 300 order/giờ (M3) | E32: Đối tác RMS | F32: L | G32: =IFERROR(INDEX('Hoạt động, lịch'!$I$5:$I$26,MATCH($F32,'Hoạt động, lịch'!$B$5:$B$26,0)),"") -> 1 | H32: =IFERROR(INDEX('Hoạt động, lịch'!$S$5:$S$26,MATCH($F32,'Hoạt động, lịch'!$B$5:$B$26,0)),"") -> Tuần 15 | I32: =IFERROR(INDEX('Hoạt động, lịch'!$R$5:$R$26,MATCH($F32,'Hoạt động, lịch'!$B$5:$B$26,0)),"") -> Critical
B33: 7.2 | C33: UAT | D33: ≥ 95% test case UAT đạt (M4) | E33: Quang Hiếu | F33: M | G33: =IFERROR(INDEX('Hoạt động, lịch'!$I$5:$I$26,MATCH($F33,'Hoạt động, lịch'!$B$5:$B$26,0)),"") -> 1 | H33: =IFERROR(INDEX('Hoạt động, lịch'!$S$5:$S$26,MATCH($F33,'Hoạt động, lịch'!$B$5:$B$26,0)),"") -> Tuần 16 | I33: =IFERROR(INDEX('Hoạt động, lịch'!$R$5:$R$26,MATCH($F33,'Hoạt động, lịch'!$B$5:$B$26,0)),"") -> Critical
B34: 8 | C34: Đào tạo, tài liệu | D34: D6 | E34: Đối tác RMS
B35: 8.1 | C35: Tài liệu, trainer | D35: Tài liệu 6 vai trò; trainer đạt | E35: Đối tác RMS | F35: N | G35: =IFERROR(INDEX('Hoạt động, lịch'!$I$5:$I$26,MATCH($F35,'Hoạt động, lịch'!$B$5:$B$26,0)),"") -> 3 | H35: =IFERROR(INDEX('Hoạt động, lịch'!$S$5:$S$26,MATCH($F35,'Hoạt động, lịch'!$B$5:$B$26,0)),"") -> Tuần 12–14 | I35: =IFERROR(INDEX('Hoạt động, lịch'!$R$5:$R$26,MATCH($F35,'Hoạt động, lịch'!$B$5:$B$26,0)),"")
B36: 8.2 | C36: Đào tạo theo đợt | D36: ≥ 95% đạt, trước mỗi go-live | E36: Tuấn Anh | F36: O | G36: =IFERROR(INDEX('Hoạt động, lịch'!$I$5:$I$26,MATCH($F36,'Hoạt động, lịch'!$B$5:$B$26,0)),"") -> 6 | H36: =IFERROR(INDEX('Hoạt động, lịch'!$S$5:$S$26,MATCH($F36,'Hoạt động, lịch'!$B$5:$B$26,0)),"") -> Tuần 15–20 | I36: =IFERROR(INDEX('Hoạt động, lịch'!$R$5:$R$26,MATCH($F36,'Hoạt động, lịch'!$B$5:$B$26,0)),"")
B37: 9 | C37: Triển khai | D37: D7 | E37: Tuấn Anh
B38: 9.1 | C38: Go-live 5 nhà hàng | D38: 5/5 nhà hàng go-live | E38: Tuấn Anh
B39: 9.1.1 | C39: Pilot Cầu Giấy | D39: Go-live (M5); nghiệm thu pilot | E39: Tuấn Anh | F39: P | G39: =IFERROR(INDEX('Hoạt động, lịch'!$I$5:$I$26,MATCH($F39,'Hoạt động, lịch'!$B$5:$B$26,0)),"") -> 2 | H39: =IFERROR(INDEX('Hoạt động, lịch'!$S$5:$S$26,MATCH($F39,'Hoạt động, lịch'!$B$5:$B$26,0)),"") -> Tuần 17–18 | I39: =IFERROR(INDEX('Hoạt động, lịch'!$R$5:$R$26,MATCH($F39,'Hoạt động, lịch'!$B$5:$B$26,0)),"") -> Critical
B40: 9.1.2 | C40: Rollout 4 nhà hàng | D40: 4 nhà hàng, mỗi tuần 1 (M6) | E40: Tuấn Anh | F40: Q | G40: =IFERROR(INDEX('Hoạt động, lịch'!$I$5:$I$26,MATCH($F40,'Hoạt động, lịch'!$B$5:$B$26,0)),"") -> 4 | H40: =IFERROR(INDEX('Hoạt động, lịch'!$S$5:$S$26,MATCH($F40,'Hoạt động, lịch'!$B$5:$B$26,0)),"") -> Tuần 19–22 | I40: =IFERROR(INDEX('Hoạt động, lịch'!$R$5:$R$26,MATCH($F40,'Hoạt động, lịch'!$B$5:$B$26,0)),"") -> Critical
B41: 9.2 | C41: Hỗ trợ sau go-live | D41: Nhật ký sự cố; uptime ≥ 99,5% | E41: Đối tác RMS | F41: R | G41: =IFERROR(INDEX('Hoạt động, lịch'!$I$5:$I$26,MATCH($F41,'Hoạt động, lịch'!$B$5:$B$26,0)),"") -> 3 | H41: =IFERROR(INDEX('Hoạt động, lịch'!$S$5:$S$26,MATCH($F41,'Hoạt động, lịch'!$B$5:$B$26,0)),"") -> Tuần 23–25 | I41: =IFERROR(INDEX('Hoạt động, lịch'!$R$5:$R$26,MATCH($F41,'Hoạt động, lịch'!$B$5:$B$26,0)),"") -> Critical
B42: 10 | C42: Nghiệm thu, đóng dự án | D42: D10 | E42: Duy An
B43: 10.1 | C43: Nghiệm thu, bàn giao | D43: Biên bản nghiệm thu (M7) | E43: Duy An | F43: S | G43: =IFERROR(INDEX('Hoạt động, lịch'!$I$5:$I$26,MATCH($F43,'Hoạt động, lịch'!$B$5:$B$26,0)),"") -> 1 | H43: =IFERROR(INDEX('Hoạt động, lịch'!$S$5:$S$26,MATCH($F43,'Hoạt động, lịch'!$B$5:$B$26,0)),"") -> Tuần 26 | I43: =IFERROR(INDEX('Hoạt động, lịch'!$R$5:$R$26,MATCH($F43,'Hoạt động, lịch'!$B$5:$B$26,0)),"") -> Critical
B44: 10.2 | C44: Tổng kết, thanh lý | D44: Báo cáo tổng kết, bài học | E44: Lê Anh | F44: T | G44: =IFERROR(INDEX('Hoạt động, lịch'!$I$5:$I$26,MATCH($F44,'Hoạt động, lịch'!$B$5:$B$26,0)),"") -> 1 | H44: =IFERROR(INDEX('Hoạt động, lịch'!$S$5:$S$26,MATCH($F44,'Hoạt động, lịch'!$B$5:$B$26,0)),"") -> Tuần 26 | I44: =IFERROR(INDEX('Hoạt động, lịch'!$R$5:$R$26,MATCH($F44,'Hoạt động, lịch'!$B$5:$B$26,0)),"") -> Critical

Sheet Hoạt động, lịch
B1: Hoạt động và lịch – CPM, PERT
B2: ES(Start) = 0 = đầu tuần 1 · FS: ES ≥ EF(trước) + lag · SS: ES ≥ ES(trước) + lag · FF: EF ≥ EF(trước) + lag · Total Slack = LS − ES · PERT: t = (o + 4m + p)/6, σ² = ((p − o)/6)²
B3: ID | C3: HOẠT ĐỘNG | D3: WBS | E3: PREDECESSOR (QUAN HỆ) | F3: o | G3: m | H3: p | I3: t (TUẦN) | J3: σ² | K3: PHỤ TRÁCH | L3: ES | M3: EF | N3: LS | O3: LF | P3: TOTAL SLACK | Q3: FREE SLACK | R3: CRITICAL? | S3: TUẦN | T3: BẮT ĐẦU | U3: KẾT THÚC
B5: Start | C5: Bắt đầu dự án (M0) | D5: — | E5: — | I5: 0 | J5: =IF(COUNT(F5:H5)=3,((H5-F5)/6)^2,0) -> 0 | K5: — | L5: =0 -> 0 | M5: =L5+I5 -> 0 | N5: =O5-I5 -> 0 | O5: =MIN($D$29,N6) -> 0 | P5: =N5-L5 -> 0 | Q5: =MIN($D$29-M5,L6-M5) -> 0 | R5: =IF(ABS(P5)<0.0001,"Critical","") -> Critical | S5: =IF(I5=0,IF(L5=0,"Đầu tuần 1","Cuối tuần "&M5),"Tuần "&(L5+1)&IF(I5>1,"–"&M5,"")) -> Đầu tuần 1 | T5: =IF(AND(I5=0,L5>0),U5,$D$28+L5*7) -> 46447 | U5: =IF(I5=0,IF(M5=0,$D$28,$D$28+(M5-1)*7+4),$D$28+(M5-1)*7+4) -> 46447
B6: A | C6: Khảo sát hiện trạng | D6: 2.1 | E6: Start | I6: 3 | J6: =IF(COUNT(F6:H6)=3,((H6-F6)/6)^2,0) -> 0 | K6: Đức Anh | L6: =MAX(0,M5) -> 0 | M6: =L6+I6 -> 3 | N6: =O6-I6 -> 0 | O6: =MIN($D$29,N7) -> 3 | P6: =N6-L6 -> 0 | Q6: =MIN($D$29-M6,L7-M6) -> 0 | R6: =IF(ABS(P6)<0.0001,"Critical","") -> Critical | S6: =IF(I6=0,IF(L6=0,"Đầu tuần 1","Cuối tuần "&M6),"Tuần "&(L6+1)&IF(I6>1,"–"&M6,"")) -> Tuần 1–3 | T6: =IF(AND(I6=0,L6>0),U6,$D$28+L6*7) -> 46447 | U6: =IF(I6=0,IF(M6=0,$D$28,$D$28+(M6-1)*7+4),$D$28+(M6-1)*7+4) -> 46465
B7: B | C7: Đặc tả yêu cầu (SRS) | D7: 2.2 | E7: A | I7: 3 | J7: =IF(COUNT(F7:H7)=3,((H7-F7)/6)^2,0) -> 0 | K7: Đức Anh | L7: =MAX(0,M6) -> 3 | M7: =L7+I7 -> 6 | N7: =O7-I7 -> 3 | O7: =MIN($D$29,N8,N9) -> 6 | P7: =N7-L7 -> 0 | Q7: =MIN($D$29-M7,L8-M7,L9-M7) -> 0 | R7: =IF(ABS(P7)<0.0001,"Critical","") -> Critical | S7: =IF(I7=0,IF(L7=0,"Đầu tuần 1","Cuối tuần "&M7),"Tuần "&(L7+1)&IF(I7>1,"–"&M7,"")) -> Tuần 4–6 | T7: =IF(AND(I7=0,L7>0),U7,$D$28+L7*7) -> 46468 | U7: =IF(I7=0,IF(M7=0,$D$28,$D$28+(M7-1)*7+4),$D$28+(M7-1)*7+4) -> 46486
B8: C | C8: Quy trình to-be, thiết kế cấu hình | D8: 3.1 | E8: B | I8: 2 | J8: =IF(COUNT(F8:H8)=3,((H8-F8)/6)^2,0) -> 0 | K8: Đối tác RMS | L8: =MAX(0,M7) -> 6 | M8: =L8+I8 -> 8 | N8: =O8-I8 -> 6 | O8: =MIN($D$29,N10,N13,N15) -> 8 | P8: =N8-L8 -> 0 | Q8: =MIN($D$29-M8,L10-M8,L13-M8,L15-M8) -> 0 | R8: =IF(ABS(P8)<0.0001,"Critical","") -> Critical | S8: =IF(I8=0,IF(L8=0,"Đầu tuần 1","Cuối tuần "&M8),"Tuần "&(L8+1)&IF(I8>1,"–"&M8,"")) -> Tuần 7–8 | T8: =IF(AND(I8=0,L8>0),U8,$D$28+L8*7) -> 46489 | U8: =IF(I8=0,IF(M8=0,$D$28,$D$28+(M8-1)*7+4),$D$28+(M8-1)*7+4) -> 46500
B9: D | C9: Kiến trúc tích hợp | D9: 3.2 | E9: B | I9: 2 | J9: =IF(COUNT(F9:H9)=3,((H9-F9)/6)^2,0) -> 0 | K9: Đối tác RMS | L9: =MAX(0,M7) -> 6 | M9: =L9+I9 -> 8 | N9: =O9-I9 -> 7 | O9: =MIN($D$29,N11,N12) -> 9 | P9: =N9-L9 -> 1 | Q9: =MIN($D$29-M9,L11-M9,L12-M9) -> 0 | R9: =IF(ABS(P9)<0.0001,"Critical","") | S9: =IF(I9=0,IF(L9=0,"Đầu tuần 1","Cuối tuần "&M9),"Tuần "&(L9+1)&IF(I9>1,"–"&M9,"")) -> Tuần 7–8 | T9: =IF(AND(I9=0,L9>0),U9,$D$28+L9*7) -> 46489 | U9: =IF(I9=0,IF(M9=0,$D$28,$D$28+(M9-1)*7+4),$D$28+(M9-1)*7+4) -> 46500
B10: E | C10: Cấu hình RMS lõi | D10: 4.1 | E10: C | F10: 4 | G10: 6 | H10: 8 | I10: =(F10+4*G10+H10)/6 -> 6 | J10: =IF(COUNT(F10:H10)=3,((H10-F10)/6)^2,0) -> 0.44444444 | K10: Đối tác RMS | L10: =MAX(0,M8) -> 8 | M10: =L10+I10 -> 14 | N10: =O10-I10 -> 8 | O10: =MIN($D$29,N17,N19-3+I10) -> 14 | P10: =N10-L10 -> 0 | Q10: =MIN($D$29-M10,L17-M10,L19-3-L10) -> 0 | R10: =IF(ABS(P10)<0.0001,"Critical","") -> Critical | S10: =IF(I10=0,IF(L10=0,"Đầu tuần 1","Cuối tuần "&M10),"Tuần "&(L10+1)&IF(I10>1,"–"&M10,"")) -> Tuần 9–14 | T10: =IF(AND(I10=0,L10>0),U10,$D$28+L10*7) -> 46503 | U10: =IF(I10=0,IF(M10=0,$D$28,$D$28+(M10-1)*7+4),$D$28+(M10-1)*7+4) -> 46542
B11: F | C11: Tích hợp ngoài (P9) | D11: 4.2.1 | E11: D | F11: 3 | G11: 4 | H11: 11 | I11: =(F11+4*G11+H11)/6 -> 5 | J11: =IF(COUNT(F11:H11)=3,((H11-F11)/6)^2,0) -> 1.7777778 | K11: Đối tác RMS | L11: =MAX(0,M9) -> 8 | M11: =L11+I11 -> 13 | N11: =O11-I11 -> 9 | O11: =MIN($D$29,N17) -> 14 | P11: =N11-L11 -> 1 | Q11: =MIN($D$29-M11,L17-M11) -> 1 | R11: =IF(ABS(P11)<0.0001,"Critical","") | S11: =IF(I11=0,IF(L11=0,"Đầu tuần 1","Cuối tuần "&M11),"Tuần "&(L11+1)&IF(I11>1,"–"&M11,"")) -> Tuần 9–13 | T11: =IF(AND(I11=0,L11>0),U11,$D$28+L11*7) -> 46503 | U11: =IF(I11=0,IF(M11=0,$D$28,$D$28+(M11-1)*7+4),$D$28+(M11-1)*7+4) -> 46535
B12: G | C12: Kênh online (P6) | D12: 4.2.2 | E12: D | I12: 4 | J12: =IF(COUNT(F12:H12)=3,((H12-F12)/6)^2,0) -> 0 | K12: Đối tác RMS | L12: =MAX(0,M9) -> 8 | M12: =L12+I12 -> 12 | N12: =O12-I12 -> 10 | O12: =MIN($D$29,N17) -> 14 | P12: =N12-L12 -> 2 | Q12: =MIN($D$29-M12,L17-M12) -> 2 | R12: =IF(ABS(P12)<0.0001,"Critical","") | S12: =IF(I12=0,IF(L12=0,"Đầu tuần 1","Cuối tuần "&M12),"Tuần "&(L12+1)&IF(I12>1,"–"&M12,"")) -> Tuần 9–12 | T12: =IF(AND(I12=0,L12>0),U12,$D$28+L12*7) -> 46503 | U12: =IF(I12=0,IF(M12=0,$D$28,$D$28+(M12-1)*7+4),$D$28+(M12-1)*7+4) -> 46528
B13: H | C13: Thiết bị đợt 1 (pilot) | D13: 5.1 | E13: C | I13: 4 | J13: =IF(COUNT(F13:H13)=3,((H13-F13)/6)^2,0) -> 0 | K13: Lê Anh | L13: =MAX(0,M8) -> 8 | M13: =L13+I13 -> 12 | N13: =O13-I13 -> 9 | O13: =MIN($D$29,N14,N17) -> 13 | P13: =N13-L13 -> 1 | Q13: =MIN($D$29-M13,L14-M13,L17-M13) -> 0 | R13: =IF(ABS(P13)<0.0001,"Critical","") | S13: =IF(I13=0,IF(L13=0,"Đầu tuần 1","Cuối tuần "&M13),"Tuần "&(L13+1)&IF(I13>1,"–"&M13,"")) -> Tuần 9–12 | T13: =IF(AND(I13=0,L13>0),U13,$D$28+L13*7) -> 46503 | U13: =IF(I13=0,IF(M13=0,$D$28,$D$28+(M13-1)*7+4),$D$28+(M13-1)*7+4) -> 46528
B14: I | C14: Thiết bị đợt 2 | D14: 5.2 | E14: H | F14: 4 | G14: 4 | H14: 10 | I14: =(F14+4*G14+H14)/6 -> 5 | J14: =IF(COUNT(F14:H14)=3,((H14-F14)/6)^2,0) -> 1 | K14: Lê Anh | L14: =MAX(0,M13) -> 12 | M14: =L14+I14 -> 17 | N14: =O14-I14 -> 13 | O14: =MIN($D$29,N22) -> 18 | P14: =N14-L14 -> 1 | Q14: =MIN($D$29-M14,L22-M14) -> 1 | R14: =IF(ABS(P14)<0.0001,"Critical","") | S14: =IF(I14=0,IF(L14=0,"Đầu tuần 1","Cuối tuần "&M14),"Tuần "&(L14+1)&IF(I14>1,"–"&M14,"")) -> Tuần 13–17 | T14: =IF(AND(I14=0,L14>0),U14,$D$28+L14*7) -> 46531 | U14: =IF(I14=0,IF(M14=0,$D$28,$D$28+(M14-1)*7+4),$D$28+(M14-1)*7+4) -> 46563
B15: J | C15: Thực đơn, công thức | D15: 6.1 | E15: C | I15: 4 | J15: =IF(COUNT(F15:H15)=3,((H15-F15)/6)^2,0) -> 0 | K15: Đức Anh | L15: =MAX(0,M8) -> 8 | M15: =L15+I15 -> 12 | N15: =O15-I15 -> 9 | O15: =MIN($D$29,N16,N17) -> 13 | P15: =N15-L15 -> 1 | Q15: =MIN($D$29-M15,L16-M15,L17-M15) -> 0 | R15: =IF(ABS(P15)<0.0001,"Critical","") | S15: =IF(I15=0,IF(L15=0,"Đầu tuần 1","Cuối tuần "&M15),"Tuần "&(L15+1)&IF(I15>1,"–"&M15,"")) -> Tuần 9–12 | T15: =IF(AND(I15=0,L15>0),U15,$D$28+L15*7) -> 46503 | U15: =IF(I15=0,IF(M15=0,$D$28,$D$28+(M15-1)*7+4),$D$28+(M15-1)*7+4) -> 46528
B16: K | C16: Khách hàng, tồn kho đầu kỳ | D16: 6.2 | E16: J | I16: 3 | J16: =IF(COUNT(F16:H16)=3,((H16-F16)/6)^2,0) -> 0 | K16: Quang Hiếu | L16: =MAX(0,M15) -> 12 | M16: =L16+I16 -> 15 | N16: =O16-I16 -> 13 | O16: =MIN($D$29,N21) -> 16 | P16: =N16-L16 -> 1 | Q16: =MIN($D$29-M16,L21-M16) -> 1 | R16: =IF(ABS(P16)<0.0001,"Critical","") | S16: =IF(I16=0,IF(L16=0,"Đầu tuần 1","Cuối tuần "&M16),"Tuần "&(L16+1)&IF(I16>1,"–"&M16,"")) -> Tuần 13–15 | T16: =IF(AND(I16=0,L16>0),U16,$D$28+L16*7) -> 46531 | U16: =IF(I16=0,IF(M16=0,$D$28,$D$28+(M16-1)*7+4),$D$28+(M16-1)*7+4) -> 46549
B17: L | C17: SIT, kiểm thử tải | D17: 7.1 | E17: E; F; G; H; J | I17: 1 | J17: =IF(COUNT(F17:H17)=3,((H17-F17)/6)^2,0) -> 0 | K17: Đối tác RMS | L17: =MAX(0,M10,M11,M12,M13,M15) -> 14 | M17: =L17+I17 -> 15 | N17: =O17-I17 -> 14 | O17: =MIN($D$29,N18) -> 15 | P17: =N17-L17 -> 0 | Q17: =MIN($D$29-M17,L18-M17) -> 0 | R17: =IF(ABS(P17)<0.0001,"Critical","") -> Critical | S17: =IF(I17=0,IF(L17=0,"Đầu tuần 1","Cuối tuần "&M17),"Tuần "&(L17+1)&IF(I17>1,"–"&M17,"")) -> Tuần 15 | T17: =IF(AND(I17=0,L17>0),U17,$D$28+L17*7) -> 46545 | U17: =IF(I17=0,IF(M17=0,$D$28,$D$28+(M17-1)*7+4),$D$28+(M17-1)*7+4) -> 46549
B18: M | C18: UAT | D18: 7.2 | E18: L | I18: 1 | J18: =IF(COUNT(F18:H18)=3,((H18-F18)/6)^2,0) -> 0 | K18: Quang Hiếu | L18: =MAX(0,M17) -> 15 | M18: =L18+I18 -> 16 | N18: =O18-I18 -> 15 | O18: =MIN($D$29,N21) -> 16 | P18: =N18-L18 -> 0 | Q18: =MIN($D$29-M18,L21-M18) -> 0 | R18: =IF(ABS(P18)<0.0001,"Critical","") -> Critical | S18: =IF(I18=0,IF(L18=0,"Đầu tuần 1","Cuối tuần "&M18),"Tuần "&(L18+1)&IF(I18>1,"–"&M18,"")) -> Tuần 16 | T18: =IF(AND(I18=0,L18>0),U18,$D$28+L18*7) -> 46552 | U18: =IF(I18=0,IF(M18=0,$D$28,$D$28+(M18-1)*7+4),$D$28+(M18-1)*7+4) -> 46556
B19: N | C19: Tài liệu, đào tạo trainer | D19: 8.1 | E19: E (SS+3) | I19: 3 | J19: =IF(COUNT(F19:H19)=3,((H19-F19)/6)^2,0) -> 0 | K19: Đối tác RMS | L19: =MAX(0,L10+3) -> 11 | M19: =L19+I19 -> 14 | N19: =O19-I19 -> 12 | O19: =MIN($D$29,N20) -> 15 | P19: =N19-L19 -> 1 | Q19: =MIN($D$29-M19,L20-M19) -> 0 | R19: =IF(ABS(P19)<0.0001,"Critical","") | S19: =IF(I19=0,IF(L19=0,"Đầu tuần 1","Cuối tuần "&M19),"Tuần "&(L19+1)&IF(I19>1,"–"&M19,"")) -> Tuần 12–14 | T19: =IF(AND(I19=0,L19>0),U19,$D$28+L19*7) -> 46524 | U19: =IF(I19=0,IF(M19=0,$D$28,$D$28+(M19-1)*7+4),$D$28+(M19-1)*7+4) -> 46542
B20: O | C20: Đào tạo nhân viên theo đợt | D20: 8.2 | E20: N | I20: 6 | J20: =IF(COUNT(F20:H20)=3,((H20-F20)/6)^2,0) -> 0 | K20: Tuấn Anh | L20: =MAX(0,M19) -> 14 | M20: =L20+I20 -> 20 | N20: =O20-I20 -> 15 | O20: =MIN($D$29,N21-1+I20,O22-1) -> 21 | P20: =N20-L20 -> 1 | Q20: =MIN($D$29-M20,L21-1-L20,M22-1-M20) -> 1 | R20: =IF(ABS(P20)<0.0001,"Critical","") | S20: =IF(I20=0,IF(L20=0,"Đầu tuần 1","Cuối tuần "&M20),"Tuần "&(L20+1)&IF(I20>1,"–"&M20,"")) -> Tuần 15–20 | T20: =IF(AND(I20=0,L20>0),U20,$D$28+L20*7) -> 46545 | U20: =IF(I20=0,IF(M20=0,$D$28,$D$28+(M20-1)*7+4),$D$28+(M20-1)*7+4) -> 46584
B21: P | C21: Pilot Cầu Giấy | D21: 9.1.1 | E21: M; K; O (SS+1) | I21: 2 | J21: =IF(COUNT(F21:H21)=3,((H21-F21)/6)^2,0) -> 0 | K21: Tuấn Anh | L21: =MAX(0,M18,M16,L20+1) -> 16 | M21: =L21+I21 -> 18 | N21: =O21-I21 -> 16 | O21: =MIN($D$29,N22) -> 18 | P21: =N21-L21 -> 0 | Q21: =MIN($D$29-M21,L22-M21) -> 0 | R21: =IF(ABS(P21)<0.0001,"Critical","") -> Critical | S21: =IF(I21=0,IF(L21=0,"Đầu tuần 1","Cuối tuần "&M21),"Tuần "&(L21+1)&IF(I21>1,"–"&M21,"")) -> Tuần 17–18 | T21: =IF(AND(I21=0,L21>0),U21,$D$28+L21*7) -> 46559 | U21: =IF(I21=0,IF(M21=0,$D$28,$D$28+(M21-1)*7+4),$D$28+(M21-1)*7+4) -> 46570
B22: Q | C22: Rollout 4 nhà hàng | D22: 9.1.2 | E22: P; I; O (FF+1) | I22: 4 | J22: =IF(COUNT(F22:H22)=3,((H22-F22)/6)^2,0) -> 0 | K22: Tuấn Anh | L22: =MAX(0,M21,M14,M20+1-I22) -> 18 | M22: =L22+I22 -> 22 | N22: =O22-I22 -> 18 | O22: =MIN($D$29,N23) -> 22 | P22: =N22-L22 -> 0 | Q22: =MIN($D$29-M22,L23-M22) -> 0 | R22: =IF(ABS(P22)<0.0001,"Critical","") -> Critical | S22: =IF(I22=0,IF(L22=0,"Đầu tuần 1","Cuối tuần "&M22),"Tuần "&(L22+1)&IF(I22>1,"–"&M22,"")) -> Tuần 19–22 | T22: =IF(AND(I22=0,L22>0),U22,$D$28+L22*7) -> 46573 | U22: =IF(I22=0,IF(M22=0,$D$28,$D$28+(M22-1)*7+4),$D$28+(M22-1)*7+4) -> 46598
B23: R | C23: Hỗ trợ sau go-live | D23: 9.2 | E23: Q | I23: 3 | J23: =IF(COUNT(F23:H23)=3,((H23-F23)/6)^2,0) -> 0 | K23: Đối tác RMS | L23: =MAX(0,M22) -> 22 | M23: =L23+I23 -> 25 | N23: =O23-I23 -> 22 | O23: =MIN($D$29,N24,N25) -> 25 | P23: =N23-L23 -> 0 | Q23: =MIN($D$29-M23,L24-M23,L25-M23) -> 0 | R23: =IF(ABS(P23)<0.0001,"Critical","") -> Critical | S23: =IF(I23=0,IF(L23=0,"Đầu tuần 1","Cuối tuần "&M23),"Tuần "&(L23+1)&IF(I23>1,"–"&M23,"")) -> Tuần 23–25 | T23: =IF(AND(I23=0,L23>0),U23,$D$28+L23*7) -> 46601 | U23: =IF(I23=0,IF(M23=0,$D$28,$D$28+(M23-1)*7+4),$D$28+(M23-1)*7+4) -> 46619
B24: S | C24: Nghiệm thu, bàn giao | D24: 10.1 | E24: R | I24: 1 | J24: =IF(COUNT(F24:H24)=3,((H24-F24)/6)^2,0) -> 0 | K24: Duy An | L24: =MAX(0,M23) -> 25 | M24: =L24+I24 -> 26 | N24: =O24-I24 -> 25 | O24: =MIN($D$29,N26) -> 26 | P24: =N24-L24 -> 0 | Q24: =MIN($D$29-M24,L26-M24) -> 0 | R24: =IF(ABS(P24)<0.0001,"Critical","") -> Critical | S24: =IF(I24=0,IF(L24=0,"Đầu tuần 1","Cuối tuần "&M24),"Tuần "&(L24+1)&IF(I24>1,"–"&M24,"")) -> Tuần 26 | T24: =IF(AND(I24=0,L24>0),U24,$D$28+L24*7) -> 46622 | U24: =IF(I24=0,IF(M24=0,$D$28,$D$28+(M24-1)*7+4),$D$28+(M24-1)*7+4) -> 46626
B25: T | C25: Tổng kết, thanh lý hợp đồng | D25: 10.2 | E25: R | I25: 1 | J25: =IF(COUNT(F25:H25)=3,((H25-F25)/6)^2,0) -> 0 | K25: Lê Anh | L25: =MAX(0,M23) -> 25 | M25: =L25+I25 -> 26 | N25: =O25-I25 -> 25 | O25: =MIN($D$29,N26) -> 26 | P25: =N25-L25 -> 0 | Q25: =MIN($D$29-M25,L26-M25) -> 0 | R25: =IF(ABS(P25)<0.0001,"Critical","") -> Critical | S25: =IF(I25=0,IF(L25=0,"Đầu tuần 1","Cuối tuần "&M25),"Tuần "&(L25+1)&IF(I25>1,"–"&M25,"")) -> Tuần 26 | T25: =IF(AND(I25=0,L25>0),U25,$D$28+L25*7) -> 46622 | U25: =IF(I25=0,IF(M25=0,$D$28,$D$28+(M25-1)*7+4),$D$28+(M25-1)*7+4) -> 46626
B26: End | C26: Kết thúc dự án (M7) | D26: — | E26: S; T | I26: 0 | J26: =IF(COUNT(F26:H26)=3,((H26-F26)/6)^2,0) -> 0 | K26: — | L26: =MAX(0,M24,M25) -> 26 | M26: =L26+I26 -> 26 | N26: =O26-I26 -> 26 | O26: =MIN($D$29) -> 26 | P26: =N26-L26 -> 0 | Q26: =MIN($D$29-M26) -> 0 | R26: =IF(ABS(P26)<0.0001,"Critical","") -> Critical | S26: =IF(I26=0,IF(L26=0,"Đầu tuần 1","Cuối tuần "&M26),"Tuần "&(L26+1)&IF(I26>1,"–"&M26,"")) -> Cuối tuần 26 | T26: =IF(AND(I26=0,L26>0),U26,$D$28+L26*7) -> 46626 | U26: =IF(I26=0,IF(M26=0,$D$28,$D$28+(M26-1)*7+4),$D$28+(M26-1)*7+4) -> 46626
B28: Ngày bắt đầu dự án (thứ Hai, tuần 1) | D28: 46447
B29: Thời gian dự án (tuần) = max EF | D29: =MAX(M5:M26) -> 26
B30: σ² trên Critical Path = Σ σ² việc găng | D30: =SUMPRODUCT((ABS(P5:P26)<0.0001)*J5:J26) -> 0.44444444
B31: σ Critical Path | D31: =SQRT(D30) -> 0.66666667
B32: Hạn hoàn thành theo Charter (tuần) | D32: 26
B33: P(T ≤ hạn) = Φ((hạn − T)/σ) | D33: =_xlfn.NORM.S.DIST(($D$32-$D$29)/D31,TRUE) -> 0.5
B34: Critical activities (Total Slack = 0) | D34: {=_xlfn.TEXTJOIN(", ",TRUE,IF(ABS(P5:P26)<0.0001,B5:B26,""))} -> Start, A, B, C, E, L, M, P, Q, R, S, T, End
B36: Cột o, m, p, t (việc không có PERT), Predecessor, Phụ trách: dữ liệu nhập; các cột còn lại tính bằng công thức. Tuần ES+1 đến hết tuần EF; ngày kết thúc là thứ Sáu.

Sheet Gantt
B1: Atlas RMS – Gantt chart lịch dự án 26 tuần
B2: 1 cột = 1 tuần (5 ngày làm việc) · hàng trên: ngày thứ Hai của tuần · thanh cam = critical activity · nền nhạt sau thanh = Total Slack · ◆ = mốc
B3: HOẠT ĐỘNG | C3: PHỤ TRÁCH | D3: TUẦN BẮT ĐẦU | E3: SỐ TUẦN | F3: ='Hoạt động, lịch'!$D$28+(F$4-1)*7 -> 46447 | G3: ='Hoạt động, lịch'!$D$28+(G$4-1)*7 -> 46454 | H3: ='Hoạt động, lịch'!$D$28+(H$4-1)*7 -> 46461 | I3: ='Hoạt động, lịch'!$D$28+(I$4-1)*7 -> 46468 | J3: ='Hoạt động, lịch'!$D$28+(J$4-1)*7 -> 46475 | K3: ='Hoạt động, lịch'!$D$28+(K$4-1)*7 -> 46482 | L3: ='Hoạt động, lịch'!$D$28+(L$4-1)*7 -> 46489 | M3: ='Hoạt động, lịch'!$D$28+(M$4-1)*7 -> 46496 | ... AE3: ='Hoạt động, lịch'!$D$28+(AE$4-1)*7 -> 46622
F4: 1 | G4: 2 | H4: 3 | I4: 4 | J4: 5 | K4: 6 | L4: 7 | M4: 8 | N4: 9 | O4: 10 | P4: 11 | Q4: 12 | R4: 13 | S4: 14 | T4: 15 | U4: 16 | V4: 17 | W4: 18 | X4: 19 | Y4: 20 | Z4: 21 | AA4: 22 | AB4: 23 | AC4: 24 | AD4: 25 | AE4: 26
B5: ='Hoạt động, lịch'!$B6&". "&'Hoạt động, lịch'!$C6 -> A. Khảo sát hiện trạng | C5: ='Hoạt động, lịch'!$K6 -> Đức Anh | D5: ='Hoạt động, lịch'!$L6+1 -> 1 | E5: ='Hoạt động, lịch'!$I6 -> 3 | AG5: ='Hoạt động, lịch'!$P6 -> 0
B6: ='Hoạt động, lịch'!$B7&". "&'Hoạt động, lịch'!$C7 -> B. Đặc tả yêu cầu (SRS) | C6: ='Hoạt động, lịch'!$K7 -> Đức Anh | D6: ='Hoạt động, lịch'!$L7+1 -> 4 | E6: ='Hoạt động, lịch'!$I7 -> 3 | AG6: ='Hoạt động, lịch'!$P7 -> 0
B7: ='Hoạt động, lịch'!$B8&". "&'Hoạt động, lịch'!$C8 -> C. Quy trình to-be, thiết kế cấu hình | C7: ='Hoạt động, lịch'!$K8 -> Đối tác RMS | D7: ='Hoạt động, lịch'!$L8+1 -> 7 | E7: ='Hoạt động, lịch'!$I8 -> 2 | AG7: ='Hoạt động, lịch'!$P8 -> 0
B8: ='Hoạt động, lịch'!$B9&". "&'Hoạt động, lịch'!$C9 -> D. Kiến trúc tích hợp | C8: ='Hoạt động, lịch'!$K9 -> Đối tác RMS | D8: ='Hoạt động, lịch'!$L9+1 -> 7 | E8: ='Hoạt động, lịch'!$I9 -> 2 | AG8: ='Hoạt động, lịch'!$P9 -> 1
B9: ='Hoạt động, lịch'!$B10&". "&'Hoạt động, lịch'!$C10 -> E. Cấu hình RMS lõi | C9: ='Hoạt động, lịch'!$K10 -> Đối tác RMS | D9: ='Hoạt động, lịch'!$L10+1 -> 9 | E9: ='Hoạt động, lịch'!$I10 -> 6 | AG9: ='Hoạt động, lịch'!$P10 -> 0
B10: ='Hoạt động, lịch'!$B11&". "&'Hoạt động, lịch'!$C11 -> F. Tích hợp ngoài (P9) | C10: ='Hoạt động, lịch'!$K11 -> Đối tác RMS | D10: ='Hoạt động, lịch'!$L11+1 -> 9 | E10: ='Hoạt động, lịch'!$I11 -> 5 | AG10: ='Hoạt động, lịch'!$P11 -> 1
B11: ='Hoạt động, lịch'!$B12&". "&'Hoạt động, lịch'!$C12 -> G. Kênh online (P6) | C11: ='Hoạt động, lịch'!$K12 -> Đối tác RMS | D11: ='Hoạt động, lịch'!$L12+1 -> 9 | E11: ='Hoạt động, lịch'!$I12 -> 4 | AG11: ='Hoạt động, lịch'!$P12 -> 2
B12: ='Hoạt động, lịch'!$B13&". "&'Hoạt động, lịch'!$C13 -> H. Thiết bị đợt 1 (pilot) | C12: ='Hoạt động, lịch'!$K13 -> Lê Anh | D12: ='Hoạt động, lịch'!$L13+1 -> 9 | E12: ='Hoạt động, lịch'!$I13 -> 4 | AG12: ='Hoạt động, lịch'!$P13 -> 1
B13: ='Hoạt động, lịch'!$B14&". "&'Hoạt động, lịch'!$C14 -> I. Thiết bị đợt 2 | C13: ='Hoạt động, lịch'!$K14 -> Lê Anh | D13: ='Hoạt động, lịch'!$L14+1 -> 13 | E13: ='Hoạt động, lịch'!$I14 -> 5 | AG13: ='Hoạt động, lịch'!$P14 -> 1
B14: ='Hoạt động, lịch'!$B15&". "&'Hoạt động, lịch'!$C15 -> J. Thực đơn, công thức | C14: ='Hoạt động, lịch'!$K15 -> Đức Anh | D14: ='Hoạt động, lịch'!$L15+1 -> 9 | E14: ='Hoạt động, lịch'!$I15 -> 4 | AG14: ='Hoạt động, lịch'!$P15 -> 1
B15: ='Hoạt động, lịch'!$B16&". "&'Hoạt động, lịch'!$C16 -> K. Khách hàng, tồn kho đầu kỳ | C15: ='Hoạt động, lịch'!$K16 -> Quang Hiếu | D15: ='Hoạt động, lịch'!$L16+1 -> 13 | E15: ='Hoạt động, lịch'!$I16 -> 3 | AG15: ='Hoạt động, lịch'!$P16 -> 1
B16: ='Hoạt động, lịch'!$B17&". "&'Hoạt động, lịch'!$C17 -> L. SIT, kiểm thử tải | C16: ='Hoạt động, lịch'!$K17 -> Đối tác RMS | D16: ='Hoạt động, lịch'!$L17+1 -> 15 | E16: ='Hoạt động, lịch'!$I17 -> 1 | AG16: ='Hoạt động, lịch'!$P17 -> 0
... B24: ='Hoạt động, lịch'!$B25&". "&'Hoạt động, lịch'!$C25 -> T. Tổng kết, thanh lý hợp đồng | C24: ='Hoạt động, lịch'!$K25 -> Lê Anh | D24: ='Hoạt động, lịch'!$L25+1 -> 26 | E24: ='Hoạt động, lịch'!$I25 -> 1 | AG24: ='Hoạt động, lịch'!$P25 -> 0
B25: ◆ Mốc quan trọng M0 – M7 | F25: M0 | K25: M1 | M25: M2 | T25: M3 | U25: M4 | V25: M5 | AA25: M6 | AE25: M7
B26: Số hoạt động chạy song song | F26: =SUMPRODUCT((F$4>=$D$5:$D$24)*(F$4<=$D$5:$D$24+$E$5:$E$24-1)) -> 1 | G26: =SUMPRODUCT((G$4>=$D$5:$D$24)*(G$4<=$D$5:$D$24+$E$5:$E$24-1)) -> 1 | H26: =SUMPRODUCT((H$4>=$D$5:$D$24)*(H$4<=$D$5:$D$24+$E$5:$E$24-1)) -> 1 | I26: =SUMPRODUCT((I$4>=$D$5:$D$24)*(I$4<=$D$5:$D$24+$E$5:$E$24-1)) -> 1 | J26: =SUMPRODUCT((J$4>=$D$5:$D$24)*(J$4<=$D$5:$D$24+$E$5:$E$24-1)) -> 1 | K26: =SUMPRODUCT((K$4>=$D$5:$D$24)*(K$4<=$D$5:$D$24+$E$5:$E$24-1)) -> 1 | L26: =SUMPRODUCT((L$4>=$D$5:$D$24)*(L$4<=$D$5:$D$24+$E$5:$E$24-1)) -> 2 | M26: =SUMPRODUCT((M$4>=$D$5:$D$24)*(M$4<=$D$5:$D$24+$E$5:$E$24-1)) -> 2 | ... AE26: =SUMPRODUCT((AE$4>=$D$5:$D$24)*(AE$4<=$D$5:$D$24+$E$5:$E$24-1)) -> 2
B27: Chú giải: | G27: Critical activity | M27: Non-critical | S27: Total Slack | Y27: Mốc
B29: Mốc: M0 01/03 kick-off · M1 09/04 SRS duyệt · M2 23/04 thiết kế duyệt · M3 11/06 xong SIT · M4 18/06 UAT đạt · M5 21/06 go-live pilot · M6 30/07 5/5 go-live · M7 27/08 nghiệm thu
B30: ="Critical Path: Start → A → B → C → E → L → M → P → Q → R → S/T → End = "&'Hoạt động, lịch'!$D$29&" tuần · P(hoàn thành ≤ "&'Hoạt động, lịch'!$D$32&" tuần) = "&TEXT('Hoạt động, lịch'!$D$33,"0%")&" (PERT)" -> Critical Path: Start → A → B → C → E → L → M → P → Q → R → S/T → End = 26 tuần · P(hoàn thành ≤ 26 tuần) = 50% (PERT)

Sheet Nguồn lực
B1: Kế hoạch nguồn lực và đơn giá
B2: Đơn vị: triệu đồng · đơn giá kế hoạch (lương nội bộ gồm bảo hiểm, báo giá tham khảo 2026) · ngày công, thành tiền tổng hợp từ sheet Chi phí
B3: MÃ | C3: NGUỒN LỰC | D3: ĐƠN GIÁ / NGÀY CÔNG | E3: NGÀY CÔNG | F3: NGƯỜI-THÁNG (22 NGÀY) | G3: THÀNH TIỀN | H3: THAM GIA | I3: CƠ SỞ ĐƠN GIÁ
B5: TV | C5: Tư vấn triển khai đối tác RMS | D5: 2 | E5: =SUMIFS('Chi phí'!$G:$G,'Chi phí'!$F:$F,$B5,'Chi phí'!$E:$E,"Nhân sự") -> 180 | F5: =E5/22 -> 8.1818182 | G5: =D5*E5 -> 360 | H5: Tuần 7 – 26, theo gói 3.x – 10.1 | I5: Báo giá dịch vụ triển khai tham khảo ≈ 44 triệu đồng/người-tháng (22 ngày)
B6: BA | C6: BA đối tác | D6: 1.5 | E6: =SUMIFS('Chi phí'!$G:$G,'Chi phí'!$F:$F,$B6,'Chi phí'!$E:$E,"Nhân sự") -> 40 | F6: =E6/22 -> 1.8181818 | G6: =D6*E6 -> 60 | H6: Tuần 1 – 8 và 16 (UAT) | I6: ≈ 33 triệu đồng/người-tháng
B7: PM | C7: PM nội bộ | D7: 1.5 | E7: =SUMIFS('Chi phí'!$G:$G,'Chi phí'!$F:$F,$B7,'Chi phí'!$E:$E,"Nhân sự") -> 40 | F7: =E7/22 -> 1.8181818 | G7: =D7*E7 -> 60 | H7: Tuần 1 – 26, ≈ 30% thời gian | I7: Lương + bảo hiểm ≈ 33 triệu đồng/tháng
B8: NB | C8: Nhân sự nội bộ (Ban QLDA, IT, trainer, nhập liệu) | D8: 1 | E8: =SUMIFS('Chi phí'!$G:$G,'Chi phí'!$F:$F,$B8,'Chi phí'!$E:$E,"Nhân sự") -> 160 | F8: =E8/22 -> 7.2727273 | G8: =D8*E8 -> 160 | H8: Theo gói được giao | I8: Lương + bảo hiểm ≈ 22 triệu đồng/tháng
C9: Tổng nhân sự | E9: =SUM(E5:E8) -> 420 | F9: =SUM(F5:F8) -> 19.090909 | G9: =SUM(G5:G8) -> 640
B10: Key user (quản lý nhà hàng, bếp trưởng, kế toán) tham gia ≤ 20% thời gian – không tính vào chi phí dự án (chi phí vận hành). Ô tô màu: dữ liệu nhập.
B12: Bộ thiết bị cho 1 nhà hàng (báo giá tham khảo)
C13: THIẾT BỊ | D13: SỐ LƯỢNG | E13: ĐƠN GIÁ | F13: THÀNH TIỀN
C15: Máy POS cảm ứng | D15: 2 | E15: 12 | F15: =D15*E15 -> 24
C16: Máy tính bảng order | D16: 6 | E16: 4.5 | F16: =D16*E16 -> 27
C17: Màn hình bếp KDS chịu nhiệt | D17: 2 | E17: 8 | F17: =D17*E17 -> 16
C18: Máy in hóa đơn, in bếp | D18: 3 | E18: 3 | F18: =D18*E18 -> 9
C19: Bộ phát Wi-Fi | D19: 3 | E19: 2.5 | F19: =D19*E19 -> 7.5
C20: Router 4G dự phòng, switch | D20: 1 | E20: 5 | F20: =D20*E20 -> 5
C21: Đi dây mạng, UPS, lắp đặt | D21: 1 | E21: 3.5 | F21: =D21*E21 -> 3.5
C22: Tổng 1 nhà hàng | F22: =SUM(F15:F21) -> 92

Sheet Chi phí
B1: Chi phí bottom-up theo work package
B2: Đơn vị: triệu đồng · Thành tiền = Số lượng × Đơn giá · tuần lấy từ sheet Hoạt động, lịch (ES + 1 đến EF) · T3 – T8: phân bổ đều theo tuần
B3: WBS | C3: HĐ | D3: NỘI DUNG | E3: LOẠI CHI PHÍ | F3: NGUỒN LỰC | G3: SỐ LƯỢNG | H3: ĐƠN VỊ | I3: ĐƠN GIÁ | J3: THÀNH TIỀN | K3: TUẦN TỪ | L3: TUẦN ĐẾN | M3: PHÂN BỔ THEO THÁNG (cost baseline)
M4: 3 | N4: 4 | O4: 5 | P4: 6 | Q4: 7 | R4: 8
B5: 1.1.1 | C5: =IFERROR(INDEX(WBS!$F$5:$F$44,MATCH($B5,WBS!$B$5:$B$44,0)),"") -> – | D5: PM lập Charter, kick-off | E5: Nhân sự | F5: PM | G5: 2 | H5: ngày công | I5: =INDEX('Nguồn lực'!$D$5:$D$8,MATCH($F5,'Nguồn lực'!$B$5:$B$8,0)) -> 1.5 | J5: =G5*I5 -> 3 | K5: 1 | L5: 1 | M5: =IF($J5=0,0,$J5*SUMPRODUCT(('Cost baseline'!$C$4:$AB$4>=$K5)*('Cost baseline'!$C$4:$AB$4<=$L5)*('Cost baseline'!$C$5:$AB$5=M$4))/($L5-$K5+1)) -> 3 | N5: =IF($J5=0,0,$J5*SUMPRODUCT(('Cost baseline'!$C$4:$AB$4>=$K5)*('Cost baseline'!$C$4:$AB$4<=$L5)*('Cost baseline'!$C$5:$AB$5=N$4))/($L5-$K5+1)) -> 0 | O5: =IF($J5=0,0,$J5*SUMPRODUCT(('Cost baseline'!$C$4:$AB$4>=$K5)*('Cost baseline'!$C$4:$AB$4<=$L5)*('Cost baseline'!$C$5:$AB$5=O$4))/($L5-$K5+1)) -> 0 | P5: =IF($J5=0,0,$J5*SUMPRODUCT(('Cost baseline'!$C$4:$AB$4>=$K5)*('Cost baseline'!$C$4:$AB$4<=$L5)*('Cost baseline'!$C$5:$AB$5=P$4))/($L5-$K5+1)) -> 0 | Q5: =IF($J5=0,0,$J5*SUMPRODUCT(('Cost baseline'!$C$4:$AB$4>=$K5)*('Cost baseline'!$C$4:$AB$4<=$L5)*('Cost baseline'!$C$5:$AB$5=Q$4))/($L5-$K5+1)) -> 0 | R5: =IF($J5=0,0,$J5*SUMPRODUCT(('Cost baseline'!$C$4:$AB$4>=$K5)*('Cost baseline'!$C$4:$AB$4<=$L5)*('Cost baseline'!$C$5:$AB$5=R$4))/($L5-$K5+1)) -> 0
B6: 1.1.1 | C6: =IFERROR(INDEX(WBS!$F$5:$F$44,MATCH($B6,WBS!$B$5:$B$44,0)),"") -> – | D6: 4 thành viên × 1 ngày | E6: Nhân sự | F6: NB | G6: 4 | H6: ngày công | I6: =INDEX('Nguồn lực'!$D$5:$D$8,MATCH($F6,'Nguồn lực'!$B$5:$B$8,0)) -> 1 | J6: =G6*I6 -> 4 | K6: 1 | L6: 1 | M6: =IF($J6=0,0,$J6*SUMPRODUCT(('Cost baseline'!$C$4:$AB$4>=$K6)*('Cost baseline'!$C$4:$AB$4<=$L6)*('Cost baseline'!$C$5:$AB$5=M$4))/($L6-$K6+1)) -> 4 | N6: =IF($J6=0,0,$J6*SUMPRODUCT(('Cost baseline'!$C$4:$AB$4>=$K6)*('Cost baseline'!$C$4:$AB$4<=$L6)*('Cost baseline'!$C$5:$AB$5=N$4))/($L6-$K6+1)) -> 0 | O6: =IF($J6=0,0,$J6*SUMPRODUCT(('Cost baseline'!$C$4:$AB$4>=$K6)*('Cost baseline'!$C$4:$AB$4<=$L6)*('Cost baseline'!$C$5:$AB$5=O$4))/($L6-$K6+1)) -> 0 | P6: =IF($J6=0,0,$J6*SUMPRODUCT(('Cost baseline'!$C$4:$AB$4>=$K6)*('Cost baseline'!$C$4:$AB$4<=$L6)*('Cost baseline'!$C$5:$AB$5=P$4))/($L6-$K6+1)) -> 0 | Q6: =IF($J6=0,0,$J6*SUMPRODUCT(('Cost baseline'!$C$4:$AB$4>=$K6)*('Cost baseline'!$C$4:$AB$4<=$L6)*('Cost baseline'!$C$5:$AB$5=Q$4))/($L6-$K6+1)) -> 0 | R6: =IF($J6=0,0,$J6*SUMPRODUCT(('Cost baseline'!$C$4:$AB$4>=$K6)*('Cost baseline'!$C$4:$AB$4<=$L6)*('Cost baseline'!$C$5:$AB$5=R$4))/($L6-$K6+1)) -> 0
B7: 1.1.2 | C7: =IFERROR(INDEX(WBS!$F$5:$F$44,MATCH($B7,WBS!$B$5:$B$44,0)),"") -> – | D7: PM lập kế hoạch dự án | E7: Nhân sự | F7: PM | G7: 8 | H7: ngày công | I7: =INDEX('Nguồn lực'!$D$5:$D$8,MATCH($F7,'Nguồn lực'!$B$5:$B$8,0)) -> 1.5 | J7: =G7*I7 -> 12 | K7: 1 | L7: 6 | M7: =IF($J7=0,0,$J7*SUMPRODUCT(('Cost baseline'!$C$4:$AB$4>=$K7)*('Cost baseline'!$C$4:$AB$4<=$L7)*('Cost baseline'!$C$5:$AB$5=M$4))/($L7-$K7+1)) -> 10 | N7: =IF($J7=0,0,$J7*SUMPRODUCT(('Cost baseline'!$C$4:$AB$4>=$K7)*('Cost baseline'!$C$4:$AB$4<=$L7)*('Cost baseline'!$C$5:$AB$5=N$4))/($L7-$K7+1)) -> 2 | O7: =IF($J7=0,0,$J7*SUMPRODUCT(('Cost baseline'!$C$4:$AB$4>=$K7)*('Cost baseline'!$C$4:$AB$4<=$L7)*('Cost baseline'!$C$5:$AB$5=O$4))/($L7-$K7+1)) -> 0 | P7: =IF($J7=0,0,$J7*SUMPRODUCT(('Cost baseline'!$C$4:$AB$4>=$K7)*('Cost baseline'!$C$4:$AB$4<=$L7)*('Cost baseline'!$C$5:$AB$5=P$4))/($L7-$K7+1)) -> 0 | Q7: =IF($J7=0,0,$J7*SUMPRODUCT(('Cost baseline'!$C$4:$AB$4>=$K7)*('Cost baseline'!$C$4:$AB$4<=$L7)*('Cost baseline'!$C$5:$AB$5=Q$4))/($L7-$K7+1)) -> 0 | R7: =IF($J7=0,0,$J7*SUMPRODUCT(('Cost baseline'!$C$4:$AB$4>=$K7)*('Cost baseline'!$C$4:$AB$4<=$L7)*('Cost baseline'!$C$5:$AB$5=R$4))/($L7-$K7+1)) -> 0
B8: 1.1.2 | C8: =IFERROR(INDEX(WBS!$F$5:$F$44,MATCH($B8,WBS!$B$5:$B$44,0)),"") -> – | D8: 4 thành viên: lịch, chi phí, chất lượng | E8: Nhân sự | F8: NB | G8: 10 | H8: ngày công | I8: =INDEX('Nguồn lực'!$D$5:$D$8,MATCH($F8,'Nguồn lực'!$B$5:$B$8,0)) -> 1 | J8: =G8*I8 -> 10 | K8: 1 | L8: 6 | M8: =IF($J8=0,0,$J8*SUMPRODUCT(('Cost baseline'!$C$4:$AB$4>=$K8)*('Cost baseline'!$C$4:$AB$4<=$L8)*('Cost baseline'!$C$5:$AB$5=M$4))/($L8-$K8+1)) -> 8.3333333 | N8: =IF($J8=0,0,$J8*SUMPRODUCT(('Cost baseline'!$C$4:$AB$4>=$K8)*('Cost baseline'!$C$4:$AB$4<=$L8)*('Cost baseline'!$C$5:$AB$5=N$4))/($L8-$K8+1)) -> 1.6666667 | O8: =IF($J8=0,0,$J8*SUMPRODUCT(('Cost baseline'!$C$4:$AB$4>=$K8)*('Cost baseline'!$C$4:$AB$4<=$L8)*('Cost baseline'!$C$5:$AB$5=O$4))/($L8-$K8+1)) -> 0 | P8: =IF($J8=0,0,$J8*SUMPRODUCT(('Cost baseline'!$C$4:$AB$4>=$K8)*('Cost baseline'!$C$4:$AB$4<=$L8)*('Cost baseline'!$C$5:$AB$5=P$4))/($L8-$K8+1)) -> 0 | Q8: =IF($J8=0,0,$J8*SUMPRODUCT(('Cost baseline'!$C$4:$AB$4>=$K8)*('Cost baseline'!$C$4:$AB$4<=$L8)*('Cost baseline'!$C$5:$AB$5=Q$4))/($L8-$K8+1)) -> 0 | R8: =IF($J8=0,0,$J8*SUMPRODUCT(('Cost baseline'!$C$4:$AB$4>=$K8)*('Cost baseline'!$C$4:$AB$4<=$L8)*('Cost baseline'!$C$5:$AB$5=R$4))/($L8-$K8+1)) -> 0
B9: 1.1.3 | C9: =IFERROR(INDEX(WBS!$F$5:$F$44,MATCH($B9,WBS!$B$5:$B$44,0)),"") -> – | D9: PM đàm phán hợp đồng | E9: Nhân sự | F9: PM | G9: 3 | H9: ngày công | I9: =INDEX('Nguồn lực'!$D$5:$D$8,MATCH($F9,'Nguồn lực'!$B$5:$B$8,0)) -> 1.5 | J9: =G9*I9 -> 4.5 | K9: 1 | L9: 4 | M9: =IF($J9=0,0,$J9*SUMPRODUCT(('Cost baseline'!$C$4:$AB$4>=$K9)*('Cost baseline'!$C$4:$AB$4<=$L9)*('Cost baseline'!$C$5:$AB$5=M$4))/($L9-$K9+1)) -> 4.5 | N9: =IF($J9=0,0,$J9*SUMPRODUCT(('Cost baseline'!$C$4:$AB$4>=$K9)*('Cost baseline'!$C$4:$AB$4<=$L9)*('Cost baseline'!$C$5:$AB$5=N$4))/($L9-$K9+1)) -> 0 | O9: =IF($J9=0,0,$J9*SUMPRODUCT(('Cost baseline'!$C$4:$AB$4>=$K9)*('Cost baseline'!$C$4:$AB$4<=$L9)*('Cost baseline'!$C$5:$AB$5=O$4))/($L9-$K9+1)) -> 0 | P9: =IF($J9=0,0,$J9*SUMPRODUCT(('Cost baseline'!$C$4:$AB$4>=$K9)*('Cost baseline'!$C$4:$AB$4<=$L9)*('Cost baseline'!$C$5:$AB$5=P$4))/($L9-$K9+1)) -> 0 | Q9: =IF($J9=0,0,$J9*SUMPRODUCT(('Cost baseline'!$C$4:$AB$4>=$K9)*('Cost baseline'!$C$4:$AB$4<=$L9)*('Cost baseline'!$C$5:$AB$5=Q$4))/($L9-$K9+1)) -> 0 | R9: =IF($J9=0,0,$J9*SUMPRODUCT(('Cost baseline'!$C$4:$AB$4>=$K9)*('Cost baseline'!$C$4:$AB$4<=$L9)*('Cost baseline'!$C$5:$AB$5=R$4))/($L9-$K9+1)) -> 0
B10: 1.1.3 | C10: =IFERROR(INDEX(WBS!$F$5:$F$44,MATCH($B10,WBS!$B$5:$B$44,0)),"") -> – | D10: Lê Anh: chào giá, hợp đồng | E10: Nhân sự | F10: NB | G10: 6 | H10: ngày công | I10: =INDEX('Nguồn lực'!$D$5:$D$8,MATCH($F10,'Nguồn lực'!$B$5:$B$8,0)) -> 1 | J10: =G10*I10 -> 6 | K10: 1 | L10: 4 | M10: =IF($J10=0,0,$J10*SUMPRODUCT(('Cost baseline'!$C$4:$AB$4>=$K10)*('Cost baseline'!$C$4:$AB$4<=$L10)*('Cost baseline'!$C$5:$AB$5=M$4))/($L10-$K10+1)) -> 6 | N10: =IF($J10=0,0,$J10*SUMPRODUCT(('Cost baseline'!$C$4:$AB$4>=$K10)*('Cost baseline'!$C$4:$AB$4<=$L10)*('Cost baseline'!$C$5:$AB$5=N$4))/($L10-$K10+1)) -> 0 | O10: =IF($J10=0,0,$J10*SUMPRODUCT(('Cost baseline'!$C$4:$AB$4>=$K10)*('Cost baseline'!$C$4:$AB$4<=$L10)*('Cost baseline'!$C$5:$AB$5=O$4))/($L10-$K10+1)) -> 0 | P10: =IF($J10=0,0,$J10*SUMPRODUCT(('Cost baseline'!$C$4:$AB$4>=$K10)*('Cost baseline'!$C$4:$AB$4<=$L10)*('Cost baseline'!$C$5:$AB$5=P$4))/($L10-$K10+1)) -> 0 | Q10: =IF($J10=0,0,$J10*SUMPRODUCT(('Cost baseline'!$C$4:$AB$4>=$K10)*('Cost baseline'!$C$4:$AB$4<=$L10)*('Cost baseline'!$C$5:$AB$5=Q$4))/($L10-$K10+1)) -> 0 | R10: =IF($J10=0,0,$J10*SUMPRODUCT(('Cost baseline'!$C$4:$AB$4>=$K10)*('Cost baseline'!$C$4:$AB$4<=$L10)*('Cost baseline'!$C$5:$AB$5=R$4))/($L10-$K10+1)) -> 0
B11: 1.2.1 | C11: =IFERROR(INDEX(WBS!$F$5:$F$44,MATCH($B11,WBS!$B$5:$B$44,0)),"") -> – | D11: PM 0,5 ngày/tuần | E11: Nhân sự | F11: PM | G11: 13 | H11: ngày công | I11: =INDEX('Nguồn lực'!$D$5:$D$8,MATCH($F11,'Nguồn lực'!$B$5:$B$8,0)) -> 1.5 | J11: =G11*I11 -> 19.5 | K11: 1 | L11: 26 | M11: =IF($J11=0,0,$J11*SUMPRODUCT(('Cost baseline'!$C$4:$AB$4>=$K11)*('Cost baseline'!$C$4:$AB$4<=$L11)*('Cost baseline'!$C$5:$AB$5=M$4))/($L11-$K11+1)) -> 3.75 | N11: =IF($J11=0,0,$J11*SUMPRODUCT(('Cost baseline'!$C$4:$AB$4>=$K11)*('Cost baseline'!$C$4:$AB$4<=$L11)*('Cost baseline'!$C$5:$AB$5=N$4))/($L11-$K11+1)) -> 3 | O11: =IF($J11=0,0,$J11*SUMPRODUCT(('Cost baseline'!$C$4:$AB$4>=$K11)*('Cost baseline'!$C$4:$AB$4<=$L11)*('Cost baseline'!$C$5:$AB$5=O$4))/($L11-$K11+1)) -> 3 | P11: =IF($J11=0,0,$J11*SUMPRODUCT(('Cost baseline'!$C$4:$AB$4>=$K11)*('Cost baseline'!$C$4:$AB$4<=$L11)*('Cost baseline'!$C$5:$AB$5=P$4))/($L11-$K11+1)) -> 3.75 | Q11: =IF($J11=0,0,$J11*SUMPRODUCT(('Cost baseline'!$C$4:$AB$4>=$K11)*('Cost baseline'!$C$4:$AB$4<=$L11)*('Cost baseline'!$C$5:$AB$5=Q$4))/($L11-$K11+1)) -> 3 | R11: =IF($J11=0,0,$J11*SUMPRODUCT(('Cost baseline'!$C$4:$AB$4>=$K11)*('Cost baseline'!$C$4:$AB$4<=$L11)*('Cost baseline'!$C$5:$AB$5=R$4))/($L11-$K11+1)) -> 3
B12: 1.2.1 | C12: =IFERROR(INDEX(WBS!$F$5:$F$44,MATCH($B12,WBS!$B$5:$B$44,0)),"") -> – | D12: Tuấn Anh 0,5 ngày/tuần: báo cáo, EVM | E12: Nhân sự | F12: NB | G12: 13 | H12: ngày công | I12: =INDEX('Nguồn lực'!$D$5:$D$8,MATCH($F12,'Nguồn lực'!$B$5:$B$8,0)) -> 1 | J12: =G12*I12 -> 13 | K12: 1 | L12: 26 | M12: =IF($J12=0,0,$J12*SUMPRODUCT(('Cost baseline'!$C$4:$AB$4>=$K12)*('Cost baseline'!$C$4:$AB$4<=$L12)*('Cost baseline'!$C$5:$AB$5=M$4))/($L12-$K12+1)) -> 2.5 | N12: =IF($J12=0,0,$J12*SUMPRODUCT(('Cost baseline'!$C$4:$AB$4>=$K12)*('Cost baseline'!$C$4:$AB$4<=$L12)*('Cost baseline'!$C$5:$AB$5=N$4))/($L12-$K12+1)) -> 2 | O12: =IF($J12=0,0,$J12*SUMPRODUCT(('Cost baseline'!$C$4:$AB$4>=$K12)*('Cost baseline'!$C$4:$AB$4<=$L12)*('Cost baseline'!$C$5:$AB$5=O$4))/($L12-$K12+1)) -> 2 | P12: =IF($J12=0,0,$J12*SUMPRODUCT(('Cost baseline'!$C$4:$AB$4>=$K12)*('Cost baseline'!$C$4:$AB$4<=$L12)*('Cost baseline'!$C$5:$AB$5=P$4))/($L12-$K12+1)) -> 2.5 | Q12: =IF($J12=0,0,$J12*SUMPRODUCT(('Cost baseline'!$C$4:$AB$4>=$K12)*('Cost baseline'!$C$4:$AB$4<=$L12)*('Cost baseline'!$C$5:$AB$5=Q$4))/($L12-$K12+1)) -> 2 | R12: =IF($J12=0,0,$J12*SUMPRODUCT(('Cost baseline'!$C$4:$AB$4>=$K12)*('Cost baseline'!$C$4:$AB$4<=$L12)*('Cost baseline'!$C$5:$AB$5=R$4))/($L12-$K12+1)) -> 2
B13: 1.2.2 | C13: =IFERROR(INDEX(WBS!$F$5:$F$44,MATCH($B13,WBS!$B$5:$B$44,0)),"") -> – | D13: PM: họp CCB 2 tuần/lần | E13: Nhân sự | F13: PM | G13: 6 | H13: ngày công | I13: =INDEX('Nguồn lực'!$D$5:$D$8,MATCH($F13,'Nguồn lực'!$B$5:$B$8,0)) -> 1.5 | J13: =G13*I13 -> 9 | K13: 1 | L13: 26 | M13: =IF($J13=0,0,$J13*SUMPRODUCT(('Cost baseline'!$C$4:$AB$4>=$K13)*('Cost baseline'!$C$4:$AB$4<=$L13)*('Cost baseline'!$C$5:$AB$5=M$4))/($L13-$K13+1)) -> 1.7307692 | N13: =IF($J13=0,0,$J13*SUMPRODUCT(('Cost baseline'!$C$4:$AB$4>=$K13)*('Cost baseline'!$C$4:$AB$4<=$L13)*('Cost baseline'!$C$5:$AB$5=N$4))/($L13-$K13+1)) -> 1.3846154 | O13: =IF($J13=0,0,$J13*SUMPRODUCT(('Cost baseline'!$C$4:$AB$4>=$K13)*('Cost baseline'!$C$4:$AB$4<=$L13)*('Cost baseline'!$C$5:$AB$5=O$4))/($L13-$K13+1)) -> 1.3846154 | P13: =IF($J13=0,0,$J13*SUMPRODUCT(('Cost baseline'!$C$4:$AB$4>=$K13)*('Cost baseline'!$C$4:$AB$4<=$L13)*('Cost baseline'!$C$5:$AB$5=P$4))/($L13-$K13+1)) -> 1.7307692 | Q13: =IF($J13=0,0,$J13*SUMPRODUCT(('Cost baseline'!$C$4:$AB$4>=$K13)*('Cost baseline'!$C$4:$AB$4<=$L13)*('Cost baseline'!$C$5:$AB$5=Q$4))/($L13-$K13+1)) -> 1.3846154 | R13: =IF($J13=0,0,$J13*SUMPRODUCT(('Cost baseline'!$C$4:$AB$4>=$K13)*('Cost baseline'!$C$4:$AB$4<=$L13)*('Cost baseline'!$C$5:$AB$5=R$4))/($L13-$K13+1)) -> 1.3846154
B14: 1.2.2 | C14: =IFERROR(INDEX(WBS!$F$5:$F$44,MATCH($B14,WBS!$B$5:$B$44,0)),"") -> – | D14: Quang Hiếu 0,5 ngày/tuần: thay đổi, rủi ro | E14: Nhân sự | F14: NB | G14: 13 | H14: ngày công | I14: =INDEX('Nguồn lực'!$D$5:$D$8,MATCH($F14,'Nguồn lực'!$B$5:$B$8,0)) -> 1 | J14: =G14*I14 -> 13 | K14: 1 | L14: 26 | M14: =IF($J14=0,0,$J14*SUMPRODUCT(('Cost baseline'!$C$4:$AB$4>=$K14)*('Cost baseline'!$C$4:$AB$4<=$L14)*('Cost baseline'!$C$5:$AB$5=M$4))/($L14-$K14+1)) -> 2.5 | N14: =IF($J14=0,0,$J14*SUMPRODUCT(('Cost baseline'!$C$4:$AB$4>=$K14)*('Cost baseline'!$C$4:$AB$4<=$L14)*('Cost baseline'!$C$5:$AB$5=N$4))/($L14-$K14+1)) -> 2 | O14: =IF($J14=0,0,$J14*SUMPRODUCT(('Cost baseline'!$C$4:$AB$4>=$K14)*('Cost baseline'!$C$4:$AB$4<=$L14)*('Cost baseline'!$C$5:$AB$5=O$4))/($L14-$K14+1)) -> 2 | P14: =IF($J14=0,0,$J14*SUMPRODUCT(('Cost baseline'!$C$4:$AB$4>=$K14)*('Cost baseline'!$C$4:$AB$4<=$L14)*('Cost baseline'!$C$5:$AB$5=P$4))/($L14-$K14+1)) -> 2.5 | Q14: =IF($J14=0,0,$J14*SUMPRODUCT(('Cost baseline'!$C$4:$AB$4>=$K14)*('Cost baseline'!$C$4:$AB$4<=$L14)*('Cost baseline'!$C$5:$AB$5=Q$4))/($L14-$K14+1)) -> 2 | R14: =IF($J14=0,0,$J14*SUMPRODUCT(('Cost baseline'!$C$4:$AB$4>=$K14)*('Cost baseline'!$C$4:$AB$4<=$L14)*('Cost baseline'!$C$5:$AB$5=R$4))/($L14-$K14+1)) -> 2
B15: 2.1 | C15: =IFERROR(INDEX(WBS!$F$5:$F$44,MATCH($B15,WBS!$B$5:$B$44,0)),"") -> A | D15: BA: 5 nhà hàng × 2 ngày | E15: Nhân sự | F15: BA | G15: 10 | H15: ngày công | I15: =INDEX('Nguồn lực'!$D$5:$D$8,MATCH($F15,'Nguồn lực'!$B$5:$B$8,0)) -> 1.5 | J15: =G15*I15 -> 15 | K15: =INDEX('Hoạt động, lịch'!$L$5:$L$26,MATCH($C15,'Hoạt động, lịch'!$B$5:$B$26,0))+1 -> 1 | L15: =INDEX('Hoạt động, lịch'!$M$5:$M$26,MATCH($C15,'Hoạt động, lịch'!$B$5:$B$26,0)) -> 3 | M15: =IF($J15=0,0,$J15*SUMPRODUCT(('Cost baseline'!$C$4:$AB$4>=$K15)*('Cost baseline'!$C$4:$AB$4<=$L15)*('Cost baseline'!$C$5:$AB$5=M$4))/($L15-$K15+1)) -> 15 | N15: =IF($J15=0,0,$J15*SUMPRODUCT(('Cost baseline'!$C$4:$AB$4>=$K15)*('Cost baseline'!$C$4:$AB$4<=$L15)*('Cost baseline'!$C$5:$AB$5=N$4))/($L15-$K15+1)) -> 0 | O15: =IF($J15=0,0,$J15*SUMPRODUCT(('Cost baseline'!$C$4:$AB$4>=$K15)*('Cost baseline'!$C$4:$AB$4<=$L15)*('Cost baseline'!$C$5:$AB$5=O$4))/($L15-$K15+1)) -> 0 | P15: =IF($J15=0,0,$J15*SUMPRODUCT(('Cost baseline'!$C$4:$AB$4>=$K15)*('Cost baseline'!$C$4:$AB$4<=$L15)*('Cost baseline'!$C$5:$AB$5=P$4))/($L15-$K15+1)) -> 0 | Q15: =IF($J15=0,0,$J15*SUMPRODUCT(('Cost baseline'!$C$4:$AB$4>=$K15)*('Cost baseline'!$C$4:$AB$4<=$L15)*('Cost baseline'!$C$5:$AB$5=Q$4))/($L15-$K15+1)) -> 0 | R15: =IF($J15=0,0,$J15*SUMPRODUCT(('Cost baseline'!$C$4:$AB$4>=$K15)*('Cost baseline'!$C$4:$AB$4<=$L15)*('Cost baseline'!$C$5:$AB$5=R$4))/($L15-$K15+1)) -> 0
B16: 2.1 | C16: =IFERROR(INDEX(WBS!$F$5:$F$44,MATCH($B16,WBS!$B$5:$B$44,0)),"") -> A | D16: Đức Anh đi cùng khảo sát | E16: Nhân sự | F16: NB | G16: 10 | H16: ngày công | I16: =INDEX('Nguồn lực'!$D$5:$D$8,MATCH($F16,'Nguồn lực'!$B$5:$B$8,0)) -> 1 | J16: =G16*I16 -> 10 | K16: =INDEX('Hoạt động, lịch'!$L$5:$L$26,MATCH($C16,'Hoạt động, lịch'!$B$5:$B$26,0))+1 -> 1 | L16: =INDEX('Hoạt động, lịch'!$M$5:$M$26,MATCH($C16,'Hoạt động, lịch'!$B$5:$B$26,0)) -> 3 | M16: =IF($J16=0,0,$J16*SUMPRODUCT(('Cost baseline'!$C$4:$AB$4>=$K16)*('Cost baseline'!$C$4:$AB$4<=$L16)*('Cost baseline'!$C$5:$AB$5=M$4))/($L16-$K16+1)) -> 10 | N16: =IF($J16=0,0,$J16*SUMPRODUCT(('Cost baseline'!$C$4:$AB$4>=$K16)*('Cost baseline'!$C$4:$AB$4<=$L16)*('Cost baseline'!$C$5:$AB$5=N$4))/($L16-$K16+1)) -> 0 | O16: =IF($J16=0,0,$J16*SUMPRODUCT(('Cost baseline'!$C$4:$AB$4>=$K16)*('Cost baseline'!$C$4:$AB$4<=$L16)*('Cost baseline'!$C$5:$AB$5=O$4))/($L16-$K16+1)) -> 0 | P16: =IF($J16=0,0,$J16*SUMPRODUCT(('Cost baseline'!$C$4:$AB$4>=$K16)*('Cost baseline'!$C$4:$AB$4<=$L16)*('Cost baseline'!$C$5:$AB$5=P$4))/($L16-$K16+1)) -> 0 | Q16: =IF($J16=0,0,$J16*SUMPRODUCT(('Cost baseline'!$C$4:$AB$4>=$K16)*('Cost baseline'!$C$4:$AB$4<=$L16)*('Cost baseline'!$C$5:$AB$5=Q$4))/($L16-$K16+1)) -> 0 | R16: =IF($J16=0,0,$J16*SUMPRODUCT(('Cost baseline'!$C$4:$AB$4>=$K16)*('Cost baseline'!$C$4:$AB$4<=$L16)*('Cost baseline'!$C$5:$AB$5=R$4))/($L16-$K16+1)) -> 0
B17: 2.2 | C17: =IFERROR(INDEX(WBS!$F$5:$F$44,MATCH($B17,WBS!$B$5:$B$44,0)),"") -> B | D17: BA viết SRS, workshop | E17: Nhân sự | F17: BA | G17: 15 | H17: ngày công | I17: =INDEX('Nguồn lực'!$D$5:$D$8,MATCH($F17,'Nguồn lực'!$B$5:$B$8,0)) -> 1.5 | J17: =G17*I17 -> 22.5 | K17: =INDEX('Hoạt động, lịch'!$L$5:$L$26,MATCH($C17,'Hoạt động, lịch'!$B$5:$B$26,0))+1 -> 4 | L17: =INDEX('Hoạt động, lịch'!$M$5:$M$26,MATCH($C17,'Hoạt động, lịch'!$B$5:$B$26,0)) -> 6 | M17: =IF($J17=0,0,$J17*SUMPRODUCT(('Cost baseline'!$C$4:$AB$4>=$K17)*('Cost baseline'!$C$4:$AB$4<=$L17)*('Cost baseline'!$C$5:$AB$5=M$4))/($L17-$K17+1)) -> 15 | N17: =IF($J17=0,0,$J17*SUMPRODUCT(('Cost baseline'!$C$4:$AB$4>=$K17)*('Cost baseline'!$C$4:$AB$4<=$L17)*('Cost baseline'!$C$5:$AB$5=N$4))/($L17-$K17+1)) -> 7.5 | O17: =IF($J17=0,0,$J17*SUMPRODUCT(('Cost baseline'!$C$4:$AB$4>=$K17)*('Cost baseline'!$C$4:$AB$4<=$L17)*('Cost baseline'!$C$5:$AB$5=O$4))/($L17-$K17+1)) -> 0 | P17: =IF($J17=0,0,$J17*SUMPRODUCT(('Cost baseline'!$C$4:$AB$4>=$K17)*('Cost baseline'!$C$4:$AB$4<=$L17)*('Cost baseline'!$C$5:$AB$5=P$4))/($L17-$K17+1)) -> 0 | Q17: =IF($J17=0,0,$J17*SUMPRODUCT(('Cost baseline'!$C$4:$AB$4>=$K17)*('Cost baseline'!$C$4:$AB$4<=$L17)*('Cost baseline'!$C$5:$AB$5=Q$4))/($L17-$K17+1)) -> 0 | R17: =IF($J17=0,0,$J17*SUMPRODUCT(('Cost baseline'!$C$4:$AB$4>=$K17)*('Cost baseline'!$C$4:$AB$4<=$L17)*('Cost baseline'!$C$5:$AB$5=R$4))/($L17-$K17+1)) -> 0
B18: 2.2 | C18: =IFERROR(INDEX(WBS!$F$5:$F$44,MATCH($B18,WBS!$B$5:$B$44,0)),"") -> B | D18: Đức Anh: rà soát, ma trận truy vết | E18: Nhân sự | F18: NB | G18: 8 | H18: ngày công | I18: =INDEX('Nguồn lực'!$D$5:$D$8,MATCH($F18,'Nguồn lực'!$B$5:$B$8,0)) -> 1 | J18: =G18*I18 -> 8 | K18: =INDEX('Hoạt động, lịch'!$L$5:$L$26,MATCH($C18,'Hoạt động, lịch'!$B$5:$B$26,0))+1 -> 4 | L18: =INDEX('Hoạt động, lịch'!$M$5:$M$26,MATCH($C18,'Hoạt động, lịch'!$B$5:$B$26,0)) -> 6 | M18: =IF($J18=0,0,$J18*SUMPRODUCT(('Cost baseline'!$C$4:$AB$4>=$K18)*('Cost baseline'!$C$4:$AB$4<=$L18)*('Cost baseline'!$C$5:$AB$5=M$4))/($L18-$K18+1)) -> 5.3333333 | N18: =IF($J18=0,0,$J18*SUMPRODUCT(('Cost baseline'!$C$4:$AB$4>=$K18)*('Cost baseline'!$C$4:$AB$4<=$L18)*('Cost baseline'!$C$5:$AB$5=N$4))/($L18-$K18+1)) -> 2.6666667 | O18: =IF($J18=0,0,$J18*SUMPRODUCT(('Cost baseline'!$C$4:$AB$4>=$K18)*('Cost baseline'!$C$4:$AB$4<=$L18)*('Cost baseline'!$C$5:$AB$5=O$4))/($L18-$K18+1)) -> 0 | P18: =IF($J18=0,0,$J18*SUMPRODUCT(('Cost baseline'!$C$4:$AB$4>=$K18)*('Cost baseline'!$C$4:$AB$4<=$L18)*('Cost baseline'!$C$5:$AB$5=P$4))/($L18-$K18+1)) -> 0 | Q18: =IF($J18=0,0,$J18*SUMPRODUCT(('Cost baseline'!$C$4:$AB$4>=$K18)*('Cost baseline'!$C$4:$AB$4<=$L18)*('Cost baseline'!$C$5:$AB$5=Q$4))/($L18-$K18+1)) -> 0 | R18: =IF($J18=0,0,$J18*SUMPRODUCT(('Cost baseline'!$C$4:$AB$4>=$K18)*('Cost baseline'!$C$4:$AB$4<=$L18)*('Cost baseline'!$C$5:$AB$5=R$4))/($L18-$K18+1)) -> 0
B19: 3.1 | C19: =IFERROR(INDEX(WBS!$F$5:$F$44,MATCH($B19,WBS!$B$5:$B$44,0)),"") -> C | D19: 2 tư vấn × 10 ngày | E19: Nhân sự | F19: TV | G19: 20 | H19: ngày công | I19: =INDEX('Nguồn lực'!$D$5:$D$8,MATCH($F19,'Nguồn lực'!$B$5:$B$8,0)) -> 2 | J19: =G19*I19 -> 40 | K19: =INDEX('Hoạt động, lịch'!$L$5:$L$26,MATCH($C19,'Hoạt động, lịch'!$B$5:$B$26,0))+1 -> 7 | L19: =INDEX('Hoạt động, lịch'!$M$5:$M$26,MATCH($C19,'Hoạt động, lịch'!$B$5:$B$26,0)) -> 8 | M19: =IF($J19=0,0,$J19*SUMPRODUCT(('Cost baseline'!$C$4:$AB$4>=$K19)*('Cost baseline'!$C$4:$AB$4<=$L19)*('Cost baseline'!$C$5:$AB$5=M$4))/($L19-$K19+1)) -> 0 | N19: =IF($J19=0,0,$J19*SUMPRODUCT(('Cost baseline'!$C$4:$AB$4>=$K19)*('Cost baseline'!$C$4:$AB$4<=$L19)*('Cost baseline'!$C$5:$AB$5=N$4))/($L19-$K19+1)) -> 40 | O19: =IF($J19=0,0,$J19*SUMPRODUCT(('Cost baseline'!$C$4:$AB$4>=$K19)*('Cost baseline'!$C$4:$AB$4<=$L19)*('Cost baseline'!$C$5:$AB$5=O$4))/($L19-$K19+1)) -> 0 | P19: =IF($J19=0,0,$J19*SUMPRODUCT(('Cost baseline'!$C$4:$AB$4>=$K19)*('Cost baseline'!$C$4:$AB$4<=$L19)*('Cost baseline'!$C$5:$AB$5=P$4))/($L19-$K19+1)) -> 0 | Q19: =IF($J19=0,0,$J19*SUMPRODUCT(('Cost baseline'!$C$4:$AB$4>=$K19)*('Cost baseline'!$C$4:$AB$4<=$L19)*('Cost baseline'!$C$5:$AB$5=Q$4))/($L19-$K19+1)) -> 0 | R19: =IF($J19=0,0,$J19*SUMPRODUCT(('Cost baseline'!$C$4:$AB$4>=$K19)*('Cost baseline'!$C$4:$AB$4<=$L19)*('Cost baseline'!$C$5:$AB$5=R$4))/($L19-$K19+1)) -> 0
B20: 3.1 | C20: =IFERROR(INDEX(WBS!$F$5:$F$44,MATCH($B20,WBS!$B$5:$B$44,0)),"") -> C | D20: BA chuyển giao yêu cầu | E20: Nhân sự | F20: BA | G20: 5 | H20: ngày công | I20: =INDEX('Nguồn lực'!$D$5:$D$8,MATCH($F20,'Nguồn lực'!$B$5:$B$8,0)) -> 1.5 | J20: =G20*I20 -> 7.5 | K20: =INDEX('Hoạt động, lịch'!$L$5:$L$26,MATCH($C20,'Hoạt động, lịch'!$B$5:$B$26,0))+1 -> 7 | L20: =INDEX('Hoạt động, lịch'!$M$5:$M$26,MATCH($C20,'Hoạt động, lịch'!$B$5:$B$26,0)) -> 8 | M20: =IF($J20=0,0,$J20*SUMPRODUCT(('Cost baseline'!$C$4:$AB$4>=$K20)*('Cost baseline'!$C$4:$AB$4<=$L20)*('Cost baseline'!$C$5:$AB$5=M$4))/($L20-$K20+1)) -> 0 | N20: =IF($J20=0,0,$J20*SUMPRODUCT(('Cost baseline'!$C$4:$AB$4>=$K20)*('Cost baseline'!$C$4:$AB$4<=$L20)*('Cost baseline'!$C$5:$AB$5=N$4))/($L20-$K20+1)) -> 7.5 | O20: =IF($J20=0,0,$J20*SUMPRODUCT(('Cost baseline'!$C$4:$AB$4>=$K20)*('Cost baseline'!$C$4:$AB$4<=$L20)*('Cost baseline'!$C$5:$AB$5=O$4))/($L20-$K20+1)) -> 0 | P20: =IF($J20=0,0,$J20*SUMPRODUCT(('Cost baseline'!$C$4:$AB$4>=$K20)*('Cost baseline'!$C$4:$AB$4<=$L20)*('Cost baseline'!$C$5:$AB$5=P$4))/($L20-$K20+1)) -> 0 | Q20: =IF($J20=0,0,$J20*SUMPRODUCT(('Cost baseline'!$C$4:$AB$4>=$K20)*('Cost baseline'!$C$4:$AB$4<=$L20)*('Cost baseline'!$C$5:$AB$5=Q$4))/($L20-$K20+1)) -> 0 | R20: =IF($J20=0,0,$J20*SUMPRODUCT(('Cost baseline'!$C$4:$AB$4>=$K20)*('Cost baseline'!$C$4:$AB$4<=$L20)*('Cost baseline'!$C$5:$AB$5=R$4))/($L20-$K20+1)) -> 0
B21: 3.2 | C21: =IFERROR(INDEX(WBS!$F$5:$F$44,MATCH($B21,WBS!$B$5:$B$44,0)),"") -> D | D21: 1 tư vấn × 10 ngày | E21: Nhân sự | F21: TV | G21: 10 | H21: ngày công | I21: =INDEX('Nguồn lực'!$D$5:$D$8,MATCH($F21,'Nguồn lực'!$B$5:$B$8,0)) -> 2 | J21: =G21*I21 -> 20 | K21: =INDEX('Hoạt động, lịch'!$L$5:$L$26,MATCH($C21,'Hoạt động, lịch'!$B$5:$B$26,0))+1 -> 7 | L21: =INDEX('Hoạt động, lịch'!$M$5:$M$26,MATCH($C21,'Hoạt động, lịch'!$B$5:$B$26,0)) -> 8 | M21: =IF($J21=0,0,$J21*SUMPRODUCT(('Cost baseline'!$C$4:$AB$4>=$K21)*('Cost baseline'!$C$4:$AB$4<=$L21)*('Cost baseline'!$C$5:$AB$5=M$4))/($L21-$K21+1)) -> 0 | N21: =IF($J21=0,0,$J21*SUMPRODUCT(('Cost baseline'!$C$4:$AB$4>=$K21)*('Cost baseline'!$C$4:$AB$4<=$L21)*('Cost baseline'!$C$5:$AB$5=N$4))/($L21-$K21+1)) -> 20 | O21: =IF($J21=0,0,$J21*SUMPRODUCT(('Cost baseline'!$C$4:$AB$4>=$K21)*('Cost baseline'!$C$4:$AB$4<=$L21)*('Cost baseline'!$C$5:$AB$5=O$4))/($L21-$K21+1)) -> 0 | P21: =IF($J21=0,0,$J21*SUMPRODUCT(('Cost baseline'!$C$4:$AB$4>=$K21)*('Cost baseline'!$C$4:$AB$4<=$L21)*('Cost baseline'!$C$5:$AB$5=P$4))/($L21-$K21+1)) -> 0 | Q21: =IF($J21=0,0,$J21*SUMPRODUCT(('Cost baseline'!$C$4:$AB$4>=$K21)*('Cost baseline'!$C$4:$AB$4<=$L21)*('Cost baseline'!$C$5:$AB$5=Q$4))/($L21-$K21+1)) -> 0 | R21: =IF($J21=0,0,$J21*SUMPRODUCT(('Cost baseline'!$C$4:$AB$4>=$K21)*('Cost baseline'!$C$4:$AB$4<=$L21)*('Cost baseline'!$C$5:$AB$5=R$4))/($L21-$K21+1)) -> 0
B22: 3.2 | C22: =IFERROR(INDEX(WBS!$F$5:$F$44,MATCH($B22,WBS!$B$5:$B$44,0)),"") -> D | D22: BA chuyển giao yêu cầu | E22: Nhân sự | F22: BA | G22: 5 | H22: ngày công | I22: =INDEX('Nguồn lực'!$D$5:$D$8,MATCH($F22,'Nguồn lực'!$B$5:$B$8,0)) -> 1.5 | J22: =G22*I22 -> 7.5 | K22: =INDEX('Hoạt động, lịch'!$L$5:$L$26,MATCH($C22,'Hoạt động, lịch'!$B$5:$B$26,0))+1 -> 7 | L22: =INDEX('Hoạt động, lịch'!$M$5:$M$26,MATCH($C22,'Hoạt động, lịch'!$B$5:$B$26,0)) -> 8 | M22: =IF($J22=0,0,$J22*SUMPRODUCT(('Cost baseline'!$C$4:$AB$4>=$K22)*('Cost baseline'!$C$4:$AB$4<=$L22)*('Cost baseline'!$C$5:$AB$5=M$4))/($L22-$K22+1)) -> 0 | N22: =IF($J22=0,0,$J22*SUMPRODUCT(('Cost baseline'!$C$4:$AB$4>=$K22)*('Cost baseline'!$C$4:$AB$4<=$L22)*('Cost baseline'!$C$5:$AB$5=N$4))/($L22-$K22+1)) -> 7.5 | O22: =IF($J22=0,0,$J22*SUMPRODUCT(('Cost baseline'!$C$4:$AB$4>=$K22)*('Cost baseline'!$C$4:$AB$4<=$L22)*('Cost baseline'!$C$5:$AB$5=O$4))/($L22-$K22+1)) -> 0 | P22: =IF($J22=0,0,$J22*SUMPRODUCT(('Cost baseline'!$C$4:$AB$4>=$K22)*('Cost baseline'!$C$4:$AB$4<=$L22)*('Cost baseline'!$C$5:$AB$5=P$4))/($L22-$K22+1)) -> 0 | Q22: =IF($J22=0,0,$J22*SUMPRODUCT(('Cost baseline'!$C$4:$AB$4>=$K22)*('Cost baseline'!$C$4:$AB$4<=$L22)*('Cost baseline'!$C$5:$AB$5=Q$4))/($L22-$K22+1)) -> 0 | R22: =IF($J22=0,0,$J22*SUMPRODUCT(('Cost baseline'!$C$4:$AB$4>=$K22)*('Cost baseline'!$C$4:$AB$4<=$L22)*('Cost baseline'!$C$5:$AB$5=R$4))/($L22-$K22+1)) -> 0
B23: 4.1 | C23: =IFERROR(INDEX(WBS!$F$5:$F$44,MATCH($B23,WBS!$B$5:$B$44,0)),"") -> E | D23: 2 tư vấn × 30 ngày (3 vòng) | E23: Nhân sự | F23: TV | G23: 60 | H23: ngày công | I23: =INDEX('Nguồn lực'!$D$5:$D$8,MATCH($F23,'Nguồn lực'!$B$5:$B$8,0)) -> 2 | J23: =G23*I23 -> 120 | K23: =INDEX('Hoạt động, lịch'!$L$5:$L$26,MATCH($C23,'Hoạt động, lịch'!$B$5:$B$26,0))+1 -> 9 | L23: =INDEX('Hoạt động, lịch'!$M$5:$M$26,MATCH($C23,'Hoạt động, lịch'!$B$5:$B$26,0)) -> 14 | M23: =IF($J23=0,0,$J23*SUMPRODUCT(('Cost baseline'!$C$4:$AB$4>=$K23)*('Cost baseline'!$C$4:$AB$4<=$L23)*('Cost baseline'!$C$5:$AB$5=M$4))/($L23-$K23+1)) -> 0 | N23: =IF($J23=0,0,$J23*SUMPRODUCT(('Cost baseline'!$C$4:$AB$4>=$K23)*('Cost baseline'!$C$4:$AB$4<=$L23)*('Cost baseline'!$C$5:$AB$5=N$4))/($L23-$K23+1)) -> 20 | O23: =IF($J23=0,0,$J23*SUMPRODUCT(('Cost baseline'!$C$4:$AB$4>=$K23)*('Cost baseline'!$C$4:$AB$4<=$L23)*('Cost baseline'!$C$5:$AB$5=O$4))/($L23-$K23+1)) -> 80 | P23: =IF($J23=0,0,$J23*SUMPRODUCT(('Cost baseline'!$C$4:$AB$4>=$K23)*('Cost baseline'!$C$4:$AB$4<=$L23)*('Cost baseline'!$C$5:$AB$5=P$4))/($L23-$K23+1)) -> 20 | Q23: =IF($J23=0,0,$J23*SUMPRODUCT(('Cost baseline'!$C$4:$AB$4>=$K23)*('Cost baseline'!$C$4:$AB$4<=$L23)*('Cost baseline'!$C$5:$AB$5=Q$4))/($L23-$K23+1)) -> 0 | R23: =IF($J23=0,0,$J23*SUMPRODUCT(('Cost baseline'!$C$4:$AB$4>=$K23)*('Cost baseline'!$C$4:$AB$4<=$L23)*('Cost baseline'!$C$5:$AB$5=R$4))/($L23-$K23+1)) -> 0
B24: 4.1 | C24: =IFERROR(INDEX(WBS!$F$5:$F$44,MATCH($B24,WBS!$B$5:$B$44,0)),"") -> E | D24: Phí khởi tạo nền tảng, chuyển dữ liệu | E24: Phần mềm, dịch vụ | G24: 1 | H24: gói | I24: 30 | J24: =G24*I24 -> 30 | K24: =INDEX('Hoạt động, lịch'!$L$5:$L$26,MATCH($C24,'Hoạt động, lịch'!$B$5:$B$26,0))+1 -> 9 | L24: =INDEX('Hoạt động, lịch'!$M$5:$M$26,MATCH($C24,'Hoạt động, lịch'!$B$5:$B$26,0)) -> 14 | M24: =IF($J24=0,0,$J24*SUMPRODUCT(('Cost baseline'!$C$4:$AB$4>=$K24)*('Cost baseline'!$C$4:$AB$4<=$L24)*('Cost baseline'!$C$5:$AB$5=M$4))/($L24-$K24+1)) -> 0 | N24: =IF($J24=0,0,$J24*SUMPRODUCT(('Cost baseline'!$C$4:$AB$4>=$K24)*('Cost baseline'!$C$4:$AB$4<=$L24)*('Cost baseline'!$C$5:$AB$5=N$4))/($L24-$K24+1)) -> 5 | O24: =IF($J24=0,0,$J24*SUMPRODUCT(('Cost baseline'!$C$4:$AB$4>=$K24)*('Cost baseline'!$C$4:$AB$4<=$L24)*('Cost baseline'!$C$5:$AB$5=O$4))/($L24-$K24+1)) -> 20 | P24: =IF($J24=0,0,$J24*SUMPRODUCT(('Cost baseline'!$C$4:$AB$4>=$K24)*('Cost baseline'!$C$4:$AB$4<=$L24)*('Cost baseline'!$C$5:$AB$5=P$4))/($L24-$K24+1)) -> 5 | Q24: =IF($J24=0,0,$J24*SUMPRODUCT(('Cost baseline'!$C$4:$AB$4>=$K24)*('Cost baseline'!$C$4:$AB$4<=$L24)*('Cost baseline'!$C$5:$AB$5=Q$4))/($L24-$K24+1)) -> 0 | R24: =IF($J24=0,0,$J24*SUMPRODUCT(('Cost baseline'!$C$4:$AB$4>=$K24)*('Cost baseline'!$C$4:$AB$4<=$L24)*('Cost baseline'!$C$5:$AB$5=R$4))/($L24-$K24+1)) -> 0
B25: 4.1 | C25: =IFERROR(INDEX(WBS!$F$5:$F$44,MATCH($B25,WBS!$B$5:$B$44,0)),"") -> E | D25: Môi trường thử (tuần 9 – 16) | E25: Phần mềm, dịch vụ | G25: 2 | H25: tháng | I25: 3 | J25: =G25*I25 -> 6 | K25: 9 | L25: 16 | M25: =IF($J25=0,0,$J25*SUMPRODUCT(('Cost baseline'!$C$4:$AB$4>=$K25)*('Cost baseline'!$C$4:$AB$4<=$L25)*('Cost baseline'!$C$5:$AB$5=M$4))/($L25-$K25+1)) -> 0 | N25: =IF($J25=0,0,$J25*SUMPRODUCT(('Cost baseline'!$C$4:$AB$4>=$K25)*('Cost baseline'!$C$4:$AB$4<=$L25)*('Cost baseline'!$C$5:$AB$5=N$4))/($L25-$K25+1)) -> 0.75 | O25: =IF($J25=0,0,$J25*SUMPRODUCT(('Cost baseline'!$C$4:$AB$4>=$K25)*('Cost baseline'!$C$4:$AB$4<=$L25)*('Cost baseline'!$C$5:$AB$5=O$4))/($L25-$K25+1)) -> 3 | P25: =IF($J25=0,0,$J25*SUMPRODUCT(('Cost baseline'!$C$4:$AB$4>=$K25)*('Cost baseline'!$C$4:$AB$4<=$L25)*('Cost baseline'!$C$5:$AB$5=P$4))/($L25-$K25+1)) -> 2.25 | Q25: =IF($J25=0,0,$J25*SUMPRODUCT(('Cost baseline'!$C$4:$AB$4>=$K25)*('Cost baseline'!$C$4:$AB$4<=$L25)*('Cost baseline'!$C$5:$AB$5=Q$4))/($L25-$K25+1)) -> 0 | R25: =IF($J25=0,0,$J25*SUMPRODUCT(('Cost baseline'!$C$4:$AB$4>=$K25)*('Cost baseline'!$C$4:$AB$4<=$L25)*('Cost baseline'!$C$5:$AB$5=R$4))/($L25-$K25+1)) -> 0
B26: 4.2.1 | C26: =IFERROR(INDEX(WBS!$F$5:$F$44,MATCH($B26,WBS!$B$5:$B$44,0)),"") -> F | D26: 1 tư vấn × 25 ngày | E26: Nhân sự | F26: TV | G26: 25 | H26: ngày công | I26: =INDEX('Nguồn lực'!$D$5:$D$8,MATCH($F26,'Nguồn lực'!$B$5:$B$8,0)) -> 2 | J26: =G26*I26 -> 50 | K26: =INDEX('Hoạt động, lịch'!$L$5:$L$26,MATCH($C26,'Hoạt động, lịch'!$B$5:$B$26,0))+1 -> 9 | L26: =INDEX('Hoạt động, lịch'!$M$5:$M$26,MATCH($C26,'Hoạt động, lịch'!$B$5:$B$26,0)) -> 13 | M26: =IF($J26=0,0,$J26*SUMPRODUCT(('Cost baseline'!$C$4:$AB$4>=$K26)*('Cost baseline'!$C$4:$AB$4<=$L26)*('Cost baseline'!$C$5:$AB$5=M$4))/($L26-$K26+1)) -> 0 | N26: =IF($J26=0,0,$J26*SUMPRODUCT(('Cost baseline'!$C$4:$AB$4>=$K26)*('Cost baseline'!$C$4:$AB$4<=$L26)*('Cost baseline'!$C$5:$AB$5=N$4))/($L26-$K26+1)) -> 10 | O26: =IF($J26=0,0,$J26*SUMPRODUCT(('Cost baseline'!$C$4:$AB$4>=$K26)*('Cost baseline'!$C$4:$AB$4<=$L26)*('Cost baseline'!$C$5:$AB$5=O$4))/($L26-$K26+1)) -> 40 | P26: =IF($J26=0,0,$J26*SUMPRODUCT(('Cost baseline'!$C$4:$AB$4>=$K26)*('Cost baseline'!$C$4:$AB$4<=$L26)*('Cost baseline'!$C$5:$AB$5=P$4))/($L26-$K26+1)) -> 0 | Q26: =IF($J26=0,0,$J26*SUMPRODUCT(('Cost baseline'!$C$4:$AB$4>=$K26)*('Cost baseline'!$C$4:$AB$4<=$L26)*('Cost baseline'!$C$5:$AB$5=Q$4))/($L26-$K26+1)) -> 0 | R26: =IF($J26=0,0,$J26*SUMPRODUCT(('Cost baseline'!$C$4:$AB$4>=$K26)*('Cost baseline'!$C$4:$AB$4<=$L26)*('Cost baseline'!$C$5:$AB$5=R$4))/($L26-$K26+1)) -> 0
B27: 4.2.1 | C27: =IFERROR(INDEX(WBS!$F$5:$F$44,MATCH($B27,WBS!$B$5:$B$44,0)),"") -> F | D27: Kết nối hóa đơn điện tử, chữ ký số | E27: Phần mềm, dịch vụ | G27: 5 | H27: nhà hàng | I27: 3 | J27: =G27*I27 -> 15 | K27: =INDEX('Hoạt động, lịch'!$L$5:$L$26,MATCH($C27,'Hoạt động, lịch'!$B$5:$B$26,0))+1 -> 9 | L27: =INDEX('Hoạt động, lịch'!$M$5:$M$26,MATCH($C27,'Hoạt động, lịch'!$B$5:$B$26,0)) -> 13 | M27: =IF($J27=0,0,$J27*SUMPRODUCT(('Cost baseline'!$C$4:$AB$4>=$K27)*('Cost baseline'!$C$4:$AB$4<=$L27)*('Cost baseline'!$C$5:$AB$5=M$4))/($L27-$K27+1)) -> 0 | N27: =IF($J27=0,0,$J27*SUMPRODUCT(('Cost baseline'!$C$4:$AB$4>=$K27)*('Cost baseline'!$C$4:$AB$4<=$L27)*('Cost baseline'!$C$5:$AB$5=N$4))/($L27-$K27+1)) -> 3 | O27: =IF($J27=0,0,$J27*SUMPRODUCT(('Cost baseline'!$C$4:$AB$4>=$K27)*('Cost baseline'!$C$4:$AB$4<=$L27)*('Cost baseline'!$C$5:$AB$5=O$4))/($L27-$K27+1)) -> 12 | P27: =IF($J27=0,0,$J27*SUMPRODUCT(('Cost baseline'!$C$4:$AB$4>=$K27)*('Cost baseline'!$C$4:$AB$4<=$L27)*('Cost baseline'!$C$5:$AB$5=P$4))/($L27-$K27+1)) -> 0 | Q27: =IF($J27=0,0,$J27*SUMPRODUCT(('Cost baseline'!$C$4:$AB$4>=$K27)*('Cost baseline'!$C$4:$AB$4<=$L27)*('Cost baseline'!$C$5:$AB$5=Q$4))/($L27-$K27+1)) -> 0 | R27: =IF($J27=0,0,$J27*SUMPRODUCT(('Cost baseline'!$C$4:$AB$4>=$K27)*('Cost baseline'!$C$4:$AB$4<=$L27)*('Cost baseline'!$C$5:$AB$5=R$4))/($L27-$K27+1)) -> 0
B28: 4.2.1 | C28: =IFERROR(INDEX(WBS!$F$5:$F$44,MATCH($B28,WBS!$B$5:$B$44,0)),"") -> F | D28: Tích hợp cổng thanh toán QR | E28: Phần mềm, dịch vụ | G28: 1 | H28: gói | I28: 10 | J28: =G28*I28 -> 10 | K28: =INDEX('Hoạt động, lịch'!$L$5:$L$26,MATCH($C28,'Hoạt động, lịch'!$B$5:$B$26,0))+1 -> 9 | L28: =INDEX('Hoạt động, lịch'!$M$5:$M$26,MATCH($C28,'Hoạt động, lịch'!$B$5:$B$26,0)) -> 13 | M28: =IF($J28=0,0,$J28*SUMPRODUCT(('Cost baseline'!$C$4:$AB$4>=$K28)*('Cost baseline'!$C$4:$AB$4<=$L28)*('Cost baseline'!$C$5:$AB$5=M$4))/($L28-$K28+1)) -> 0 | N28: =IF($J28=0,0,$J28*SUMPRODUCT(('Cost baseline'!$C$4:$AB$4>=$K28)*('Cost baseline'!$C$4:$AB$4<=$L28)*('Cost baseline'!$C$5:$AB$5=N$4))/($L28-$K28+1)) -> 2 | O28: =IF($J28=0,0,$J28*SUMPRODUCT(('Cost baseline'!$C$4:$AB$4>=$K28)*('Cost baseline'!$C$4:$AB$4<=$L28)*('Cost baseline'!$C$5:$AB$5=O$4))/($L28-$K28+1)) -> 8 | P28: =IF($J28=0,0,$J28*SUMPRODUCT(('Cost baseline'!$C$4:$AB$4>=$K28)*('Cost baseline'!$C$4:$AB$4<=$L28)*('Cost baseline'!$C$5:$AB$5=P$4))/($L28-$K28+1)) -> 0 | Q28: =IF($J28=0,0,$J28*SUMPRODUCT(('Cost baseline'!$C$4:$AB$4>=$K28)*('Cost baseline'!$C$4:$AB$4<=$L28)*('Cost baseline'!$C$5:$AB$5=Q$4))/($L28-$K28+1)) -> 0 | R28: =IF($J28=0,0,$J28*SUMPRODUCT(('Cost baseline'!$C$4:$AB$4>=$K28)*('Cost baseline'!$C$4:$AB$4<=$L28)*('Cost baseline'!$C$5:$AB$5=R$4))/($L28-$K28+1)) -> 0
B29: 4.2.1 | C29: =IFERROR(INDEX(WBS!$F$5:$F$44,MATCH($B29,WBS!$B$5:$B$44,0)),"") -> F | D29: Connector GrabFood, ShopeeFood | E29: Phần mềm, dịch vụ | G29: 1 | H29: năm | I29: 24 | J29: =G29*I29 -> 24 | K29: =INDEX('Hoạt động, lịch'!$L$5:$L$26,MATCH($C29,'Hoạt động, lịch'!$B$5:$B$26,0))+1 -> 9 | L29: =INDEX('Hoạt động, lịch'!$M$5:$M$26,MATCH($C29,'Hoạt động, lịch'!$B$5:$B$26,0)) -> 13 | M29: =IF($J29=0,0,$J29*SUMPRODUCT(('Cost baseline'!$C$4:$AB$4>=$K29)*('Cost baseline'!$C$4:$AB$4<=$L29)*('Cost baseline'!$C$5:$AB$5=M$4))/($L29-$K29+1)) -> 0 | N29: =IF($J29=0,0,$J29*SUMPRODUCT(('Cost baseline'!$C$4:$AB$4>=$K29)*('Cost baseline'!$C$4:$AB$4<=$L29)*('Cost baseline'!$C$5:$AB$5=N$4))/($L29-$K29+1)) -> 4.8 | O29: =IF($J29=0,0,$J29*SUMPRODUCT(('Cost baseline'!$C$4:$AB$4>=$K29)*('Cost baseline'!$C$4:$AB$4<=$L29)*('Cost baseline'!$C$5:$AB$5=O$4))/($L29-$K29+1)) -> 19.2 | P29: =IF($J29=0,0,$J29*SUMPRODUCT(('Cost baseline'!$C$4:$AB$4>=$K29)*('Cost baseline'!$C$4:$AB$4<=$L29)*('Cost baseline'!$C$5:$AB$5=P$4))/($L29-$K29+1)) -> 0 | Q29: =IF($J29=0,0,$J29*SUMPRODUCT(('Cost baseline'!$C$4:$AB$4>=$K29)*('Cost baseline'!$C$4:$AB$4<=$L29)*('Cost baseline'!$C$5:$AB$5=Q$4))/($L29-$K29+1)) -> 0 | R29: =IF($J29=0,0,$J29*SUMPRODUCT(('Cost baseline'!$C$4:$AB$4>=$K29)*('Cost baseline'!$C$4:$AB$4<=$L29)*('Cost baseline'!$C$5:$AB$5=R$4))/($L29-$K29+1)) -> 0
B30: 4.2.1 | C30: =IFERROR(INDEX(WBS!$F$5:$F$44,MATCH($B30,WBS!$B$5:$B$44,0)),"") -> F | D30: Kết nối xuất dữ liệu kế toán | E30: Phần mềm, dịch vụ | G30: 1 | H30: gói | I30: 5 | J30: =G30*I30 -> 5 | K30: =INDEX('Hoạt động, lịch'!$L$5:$L$26,MATCH($C30,'Hoạt động, lịch'!$B$5:$B$26,0))+1 -> 9 | L30: =INDEX('Hoạt động, lịch'!$M$5:$M$26,MATCH($C30,'Hoạt động, lịch'!$B$5:$B$26,0)) -> 13 | M30: =IF($J30=0,0,$J30*SUMPRODUCT(('Cost baseline'!$C$4:$AB$4>=$K30)*('Cost baseline'!$C$4:$AB$4<=$L30)*('Cost baseline'!$C$5:$AB$5=M$4))/($L30-$K30+1)) -> 0 | N30: =IF($J30=0,0,$J30*SUMPRODUCT(('Cost baseline'!$C$4:$AB$4>=$K30)*('Cost baseline'!$C$4:$AB$4<=$L30)*('Cost baseline'!$C$5:$AB$5=N$4))/($L30-$K30+1)) -> 1 | O30: =IF($J30=0,0,$J30*SUMPRODUCT(('Cost baseline'!$C$4:$AB$4>=$K30)*('Cost baseline'!$C$4:$AB$4<=$L30)*('Cost baseline'!$C$5:$AB$5=O$4))/($L30-$K30+1)) -> 4 | P30: =IF($J30=0,0,$J30*SUMPRODUCT(('Cost baseline'!$C$4:$AB$4>=$K30)*('Cost baseline'!$C$4:$AB$4<=$L30)*('Cost baseline'!$C$5:$AB$5=P$4))/($L30-$K30+1)) -> 0 | Q30: =IF($J30=0,0,$J30*SUMPRODUCT(('Cost baseline'!$C$4:$AB$4>=$K30)*('Cost baseline'!$C$4:$AB$4<=$L30)*('Cost baseline'!$C$5:$AB$5=Q$4))/($L30-$K30+1)) -> 0 | R30: =IF($J30=0,0,$J30*SUMPRODUCT(('Cost baseline'!$C$4:$AB$4>=$K30)*('Cost baseline'!$C$4:$AB$4<=$L30)*('Cost baseline'!$C$5:$AB$5=R$4))/($L30-$K30+1)) -> 0
B31: 4.2.2 | C31: =IFERROR(INDEX(WBS!$F$5:$F$44,MATCH($B31,WBS!$B$5:$B$44,0)),"") -> G | D31: 1 tư vấn × 20 ngày | E31: Nhân sự | F31: TV | G31: 20 | H31: ngày công | I31: =INDEX('Nguồn lực'!$D$5:$D$8,MATCH($F31,'Nguồn lực'!$B$5:$B$8,0)) -> 2 | J31: =G31*I31 -> 40 | K31: =INDEX('Hoạt động, lịch'!$L$5:$L$26,MATCH($C31,'Hoạt động, lịch'!$B$5:$B$26,0))+1 -> 9 | L31: =INDEX('Hoạt động, lịch'!$M$5:$M$26,MATCH($C31,'Hoạt động, lịch'!$B$5:$B$26,0)) -> 12 | M31: =IF($J31=0,0,$J31*SUMPRODUCT(('Cost baseline'!$C$4:$AB$4>=$K31)*('Cost baseline'!$C$4:$AB$4<=$L31)*('Cost baseline'!$C$5:$AB$5=M$4))/($L31-$K31+1)) -> 0 | N31: =IF($J31=0,0,$J31*SUMPRODUCT(('Cost baseline'!$C$4:$AB$4>=$K31)*('Cost baseline'!$C$4:$AB$4<=$L31)*('Cost baseline'!$C$5:$AB$5=N$4))/($L31-$K31+1)) -> 10 | O31: =IF($J31=0,0,$J31*SUMPRODUCT(('Cost baseline'!$C$4:$AB$4>=$K31)*('Cost baseline'!$C$4:$AB$4<=$L31)*('Cost baseline'!$C$5:$AB$5=O$4))/($L31-$K31+1)) -> 30 | P31: =IF($J31=0,0,$J31*SUMPRODUCT(('Cost baseline'!$C$4:$AB$4>=$K31)*('Cost baseline'!$C$4:$AB$4<=$L31)*('Cost baseline'!$C$5:$AB$5=P$4))/($L31-$K31+1)) -> 0 | Q31: =IF($J31=0,0,$J31*SUMPRODUCT(('Cost baseline'!$C$4:$AB$4>=$K31)*('Cost baseline'!$C$4:$AB$4<=$L31)*('Cost baseline'!$C$5:$AB$5=Q$4))/($L31-$K31+1)) -> 0 | R31: =IF($J31=0,0,$J31*SUMPRODUCT(('Cost baseline'!$C$4:$AB$4>=$K31)*('Cost baseline'!$C$4:$AB$4<=$L31)*('Cost baseline'!$C$5:$AB$5=R$4))/($L31-$K31+1)) -> 0
B32: 4.2.2 | C32: =IFERROR(INDEX(WBS!$F$5:$F$44,MATCH($B32,WBS!$B$5:$B$44,0)),"") -> G | D32: In mã QR 190 bàn, tên miền, SSL | E32: Phần mềm, dịch vụ | G32: 1 | H32: gói | I32: 12 | J32: =G32*I32 -> 12 | K32: =INDEX('Hoạt động, lịch'!$L$5:$L$26,MATCH($C32,'Hoạt động, lịch'!$B$5:$B$26,0))+1 -> 9 | L32: =INDEX('Hoạt động, lịch'!$M$5:$M$26,MATCH($C32,'Hoạt động, lịch'!$B$5:$B$26,0)) -> 12 | M32: =IF($J32=0,0,$J32*SUMPRODUCT(('Cost baseline'!$C$4:$AB$4>=$K32)*('Cost baseline'!$C$4:$AB$4<=$L32)*('Cost baseline'!$C$5:$AB$5=M$4))/($L32-$K32+1)) -> 0 | N32: =IF($J32=0,0,$J32*SUMPRODUCT(('Cost baseline'!$C$4:$AB$4>=$K32)*('Cost baseline'!$C$4:$AB$4<=$L32)*('Cost baseline'!$C$5:$AB$5=N$4))/($L32-$K32+1)) -> 3 | O32: =IF($J32=0,0,$J32*SUMPRODUCT(('Cost baseline'!$C$4:$AB$4>=$K32)*('Cost baseline'!$C$4:$AB$4<=$L32)*('Cost baseline'!$C$5:$AB$5=O$4))/($L32-$K32+1)) -> 9 | P32: =IF($J32=0,0,$J32*SUMPRODUCT(('Cost baseline'!$C$4:$AB$4>=$K32)*('Cost baseline'!$C$4:$AB$4<=$L32)*('Cost baseline'!$C$5:$AB$5=P$4))/($L32-$K32+1)) -> 0 | Q32: =IF($J32=0,0,$J32*SUMPRODUCT(('Cost baseline'!$C$4:$AB$4>=$K32)*('Cost baseline'!$C$4:$AB$4<=$L32)*('Cost baseline'!$C$5:$AB$5=Q$4))/($L32-$K32+1)) -> 0 | R32: =IF($J32=0,0,$J32*SUMPRODUCT(('Cost baseline'!$C$4:$AB$4>=$K32)*('Cost baseline'!$C$4:$AB$4<=$L32)*('Cost baseline'!$C$5:$AB$5=R$4))/($L32-$K32+1)) -> 0
B33: 5.1 | C33: =IFERROR(INDEX(WBS!$F$5:$F$44,MATCH($B33,WBS!$B$5:$B$44,0)),"") -> H | D33: Lê Anh 2 + IT 4 ngày | E33: Nhân sự | F33: NB | G33: 6 | H33: ngày công | I33: =INDEX('Nguồn lực'!$D$5:$D$8,MATCH($F33,'Nguồn lực'!$B$5:$B$8,0)) -> 1 | J33: =G33*I33 -> 6 | K33: =INDEX('Hoạt động, lịch'!$L$5:$L$26,MATCH($C33,'Hoạt động, lịch'!$B$5:$B$26,0))+1 -> 9 | L33: =INDEX('Hoạt động, lịch'!$M$5:$M$26,MATCH($C33,'Hoạt động, lịch'!$B$5:$B$26,0)) -> 12 | M33: =IF($J33=0,0,$J33*SUMPRODUCT(('Cost baseline'!$C$4:$AB$4>=$K33)*('Cost baseline'!$C$4:$AB$4<=$L33)*('Cost baseline'!$C$5:$AB$5=M$4))/($L33-$K33+1)) -> 0 | N33: =IF($J33=0,0,$J33*SUMPRODUCT(('Cost baseline'!$C$4:$AB$4>=$K33)*('Cost baseline'!$C$4:$AB$4<=$L33)*('Cost baseline'!$C$5:$AB$5=N$4))/($L33-$K33+1)) -> 1.5 | O33: =IF($J33=0,0,$J33*SUMPRODUCT(('Cost baseline'!$C$4:$AB$4>=$K33)*('Cost baseline'!$C$4:$AB$4<=$L33)*('Cost baseline'!$C$5:$AB$5=O$4))/($L33-$K33+1)) -> 4.5 | P33: =IF($J33=0,0,$J33*SUMPRODUCT(('Cost baseline'!$C$4:$AB$4>=$K33)*('Cost baseline'!$C$4:$AB$4<=$L33)*('Cost baseline'!$C$5:$AB$5=P$4))/($L33-$K33+1)) -> 0 | Q33: =IF($J33=0,0,$J33*SUMPRODUCT(('Cost baseline'!$C$4:$AB$4>=$K33)*('Cost baseline'!$C$4:$AB$4<=$L33)*('Cost baseline'!$C$5:$AB$5=Q$4))/($L33-$K33+1)) -> 0 | R33: =IF($J33=0,0,$J33*SUMPRODUCT(('Cost baseline'!$C$4:$AB$4>=$K33)*('Cost baseline'!$C$4:$AB$4<=$L33)*('Cost baseline'!$C$5:$AB$5=R$4))/($L33-$K33+1)) -> 0
B34: 5.1 | C34: =IFERROR(INDEX(WBS!$F$5:$F$44,MATCH($B34,WBS!$B$5:$B$44,0)),"") -> H | D34: Bộ thiết bị Cầu Giấy | E34: Thiết bị | G34: 1 | H34: nhà hàng | I34: ='Nguồn lực'!$F$22 -> 92 | J34: =G34*I34 -> 92 | K34: =INDEX('Hoạt động, lịch'!$L$5:$L$26,MATCH($C34,'Hoạt động, lịch'!$B$5:$B$26,0))+1 -> 9 | L34: =INDEX('Hoạt động, lịch'!$M$5:$M$26,MATCH($C34,'Hoạt động, lịch'!$B$5:$B$26,0)) -> 12 | M34: =IF($J34=0,0,$J34*SUMPRODUCT(('Cost baseline'!$C$4:$AB$4>=$K34)*('Cost baseline'!$C$4:$AB$4<=$L34)*('Cost baseline'!$C$5:$AB$5=M$4))/($L34-$K34+1)) -> 0 | N34: =IF($J34=0,0,$J34*SUMPRODUCT(('Cost baseline'!$C$4:$AB$4>=$K34)*('Cost baseline'!$C$4:$AB$4<=$L34)*('Cost baseline'!$C$5:$AB$5=N$4))/($L34-$K34+1)) -> 23 | O34: =IF($J34=0,0,$J34*SUMPRODUCT(('Cost baseline'!$C$4:$AB$4>=$K34)*('Cost baseline'!$C$4:$AB$4<=$L34)*('Cost baseline'!$C$5:$AB$5=O$4))/($L34-$K34+1)) -> 69 | P34: =IF($J34=0,0,$J34*SUMPRODUCT(('Cost baseline'!$C$4:$AB$4>=$K34)*('Cost baseline'!$C$4:$AB$4<=$L34)*('Cost baseline'!$C$5:$AB$5=P$4))/($L34-$K34+1)) -> 0 | Q34: =IF($J34=0,0,$J34*SUMPRODUCT(('Cost baseline'!$C$4:$AB$4>=$K34)*('Cost baseline'!$C$4:$AB$4<=$L34)*('Cost baseline'!$C$5:$AB$5=Q$4))/($L34-$K34+1)) -> 0 | R34: =IF($J34=0,0,$J34*SUMPRODUCT(('Cost baseline'!$C$4:$AB$4>=$K34)*('Cost baseline'!$C$4:$AB$4<=$L34)*('Cost baseline'!$C$5:$AB$5=R$4))/($L34-$K34+1)) -> 0
B35: 5.1 | C35: =IFERROR(INDEX(WBS!$F$5:$F$44,MATCH($B35,WBS!$B$5:$B$44,0)),"") -> H | D35: Máy tính, màn hình dashboard văn phòng | E35: Thiết bị | G35: 1 | H35: bộ | I35: 20 | J35: =G35*I35 -> 20 | K35: =INDEX('Hoạt động, lịch'!$L$5:$L$26,MATCH($C35,'Hoạt động, lịch'!$B$5:$B$26,0))+1 -> 9 | L35: =INDEX('Hoạt động, lịch'!$M$5:$M$26,MATCH($C35,'Hoạt động, lịch'!$B$5:$B$26,0)) -> 12 | M35: =IF($J35=0,0,$J35*SUMPRODUCT(('Cost baseline'!$C$4:$AB$4>=$K35)*('Cost baseline'!$C$4:$AB$4<=$L35)*('Cost baseline'!$C$5:$AB$5=M$4))/($L35-$K35+1)) -> 0 | N35: =IF($J35=0,0,$J35*SUMPRODUCT(('Cost baseline'!$C$4:$AB$4>=$K35)*('Cost baseline'!$C$4:$AB$4<=$L35)*('Cost baseline'!$C$5:$AB$5=N$4))/($L35-$K35+1)) -> 5 | O35: =IF($J35=0,0,$J35*SUMPRODUCT(('Cost baseline'!$C$4:$AB$4>=$K35)*('Cost baseline'!$C$4:$AB$4<=$L35)*('Cost baseline'!$C$5:$AB$5=O$4))/($L35-$K35+1)) -> 15 | P35: =IF($J35=0,0,$J35*SUMPRODUCT(('Cost baseline'!$C$4:$AB$4>=$K35)*('Cost baseline'!$C$4:$AB$4<=$L35)*('Cost baseline'!$C$5:$AB$5=P$4))/($L35-$K35+1)) -> 0 | Q35: =IF($J35=0,0,$J35*SUMPRODUCT(('Cost baseline'!$C$4:$AB$4>=$K35)*('Cost baseline'!$C$4:$AB$4<=$L35)*('Cost baseline'!$C$5:$AB$5=Q$4))/($L35-$K35+1)) -> 0 | R35: =IF($J35=0,0,$J35*SUMPRODUCT(('Cost baseline'!$C$4:$AB$4>=$K35)*('Cost baseline'!$C$4:$AB$4<=$L35)*('Cost baseline'!$C$5:$AB$5=R$4))/($L35-$K35+1)) -> 0
B36: 5.2 | C36: =IFERROR(INDEX(WBS!$F$5:$F$44,MATCH($B36,WBS!$B$5:$B$44,0)),"") -> I | D36: Lê Anh 4 + IT 8 ngày | E36: Nhân sự | F36: NB | G36: 12 | H36: ngày công | I36: =INDEX('Nguồn lực'!$D$5:$D$8,MATCH($F36,'Nguồn lực'!$B$5:$B$8,0)) -> 1 | J36: =G36*I36 -> 12 | K36: =INDEX('Hoạt động, lịch'!$L$5:$L$26,MATCH($C36,'Hoạt động, lịch'!$B$5:$B$26,0))+1 -> 13 | L36: =INDEX('Hoạt động, lịch'!$M$5:$M$26,MATCH($C36,'Hoạt động, lịch'!$B$5:$B$26,0)) -> 17 | M36: =IF($J36=0,0,$J36*SUMPRODUCT(('Cost baseline'!$C$4:$AB$4>=$K36)*('Cost baseline'!$C$4:$AB$4<=$L36)*('Cost baseline'!$C$5:$AB$5=M$4))/($L36-$K36+1)) -> 0 | N36: =IF($J36=0,0,$J36*SUMPRODUCT(('Cost baseline'!$C$4:$AB$4>=$K36)*('Cost baseline'!$C$4:$AB$4<=$L36)*('Cost baseline'!$C$5:$AB$5=N$4))/($L36-$K36+1)) -> 0 | O36: =IF($J36=0,0,$J36*SUMPRODUCT(('Cost baseline'!$C$4:$AB$4>=$K36)*('Cost baseline'!$C$4:$AB$4<=$L36)*('Cost baseline'!$C$5:$AB$5=O$4))/($L36-$K36+1)) -> 2.4 | P36: =IF($J36=0,0,$J36*SUMPRODUCT(('Cost baseline'!$C$4:$AB$4>=$K36)*('Cost baseline'!$C$4:$AB$4<=$L36)*('Cost baseline'!$C$5:$AB$5=P$4))/($L36-$K36+1)) -> 9.6 | Q36: =IF($J36=0,0,$J36*SUMPRODUCT(('Cost baseline'!$C$4:$AB$4>=$K36)*('Cost baseline'!$C$4:$AB$4<=$L36)*('Cost baseline'!$C$5:$AB$5=Q$4))/($L36-$K36+1)) -> 0 | R36: =IF($J36=0,0,$J36*SUMPRODUCT(('Cost baseline'!$C$4:$AB$4>=$K36)*('Cost baseline'!$C$4:$AB$4<=$L36)*('Cost baseline'!$C$5:$AB$5=R$4))/($L36-$K36+1)) -> 0
B37: 5.2 | C37: =IFERROR(INDEX(WBS!$F$5:$F$44,MATCH($B37,WBS!$B$5:$B$44,0)),"") -> I | D37: Bộ thiết bị 4 nhà hàng (đợt 2) | E37: Thiết bị | G37: 4 | H37: nhà hàng | I37: ='Nguồn lực'!$F$22 -> 92 | J37: =G37*I37 -> 368 | K37: =INDEX('Hoạt động, lịch'!$L$5:$L$26,MATCH($C37,'Hoạt động, lịch'!$B$5:$B$26,0))+1 -> 13 | L37: =INDEX('Hoạt động, lịch'!$M$5:$M$26,MATCH($C37,'Hoạt động, lịch'!$B$5:$B$26,0)) -> 17 | M37: =IF($J37=0,0,$J37*SUMPRODUCT(('Cost baseline'!$C$4:$AB$4>=$K37)*('Cost baseline'!$C$4:$AB$4<=$L37)*('Cost baseline'!$C$5:$AB$5=M$4))/($L37-$K37+1)) -> 0 | N37: =IF($J37=0,0,$J37*SUMPRODUCT(('Cost baseline'!$C$4:$AB$4>=$K37)*('Cost baseline'!$C$4:$AB$4<=$L37)*('Cost baseline'!$C$5:$AB$5=N$4))/($L37-$K37+1)) -> 0 | O37: =IF($J37=0,0,$J37*SUMPRODUCT(('Cost baseline'!$C$4:$AB$4>=$K37)*('Cost baseline'!$C$4:$AB$4<=$L37)*('Cost baseline'!$C$5:$AB$5=O$4))/($L37-$K37+1)) -> 73.6 | P37: =IF($J37=0,0,$J37*SUMPRODUCT(('Cost baseline'!$C$4:$AB$4>=$K37)*('Cost baseline'!$C$4:$AB$4<=$L37)*('Cost baseline'!$C$5:$AB$5=P$4))/($L37-$K37+1)) -> 294.4 | Q37: =IF($J37=0,0,$J37*SUMPRODUCT(('Cost baseline'!$C$4:$AB$4>=$K37)*('Cost baseline'!$C$4:$AB$4<=$L37)*('Cost baseline'!$C$5:$AB$5=Q$4))/($L37-$K37+1)) -> 0 | R37: =IF($J37=0,0,$J37*SUMPRODUCT(('Cost baseline'!$C$4:$AB$4>=$K37)*('Cost baseline'!$C$4:$AB$4<=$L37)*('Cost baseline'!$C$5:$AB$5=R$4))/($L37-$K37+1)) -> 0
B38: 6.1 | C38: =IFERROR(INDEX(WBS!$F$5:$F$44,MATCH($B38,WBS!$B$5:$B$44,0)),"") -> J | D38: Đức Anh 4 + nhập liệu 8 ngày | E38: Nhân sự | F38: NB | G38: 12 | H38: ngày công | I38: =INDEX('Nguồn lực'!$D$5:$D$8,MATCH($F38,'Nguồn lực'!$B$5:$B$8,0)) -> 1 | J38: =G38*I38 -> 12 | K38: =INDEX('Hoạt động, lịch'!$L$5:$L$26,MATCH($C38,'Hoạt động, lịch'!$B$5:$B$26,0))+1 -> 9 | L38: =INDEX('Hoạt động, lịch'!$M$5:$M$26,MATCH($C38,'Hoạt động, lịch'!$B$5:$B$26,0)) -> 12 | M38: =IF($J38=0,0,$J38*SUMPRODUCT(('Cost baseline'!$C$4:$AB$4>=$K38)*('Cost baseline'!$C$4:$AB$4<=$L38)*('Cost baseline'!$C$5:$AB$5=M$4))/($L38-$K38+1)) -> 0 | N38: =IF($J38=0,0,$J38*SUMPRODUCT(('Cost baseline'!$C$4:$AB$4>=$K38)*('Cost baseline'!$C$4:$AB$4<=$L38)*('Cost baseline'!$C$5:$AB$5=N$4))/($L38-$K38+1)) -> 3 | O38: =IF($J38=0,0,$J38*SUMPRODUCT(('Cost baseline'!$C$4:$AB$4>=$K38)*('Cost baseline'!$C$4:$AB$4<=$L38)*('Cost baseline'!$C$5:$AB$5=O$4))/($L38-$K38+1)) -> 9 | P38: =IF($J38=0,0,$J38*SUMPRODUCT(('Cost baseline'!$C$4:$AB$4>=$K38)*('Cost baseline'!$C$4:$AB$4<=$L38)*('Cost baseline'!$C$5:$AB$5=P$4))/($L38-$K38+1)) -> 0 | Q38: =IF($J38=0,0,$J38*SUMPRODUCT(('Cost baseline'!$C$4:$AB$4>=$K38)*('Cost baseline'!$C$4:$AB$4<=$L38)*('Cost baseline'!$C$5:$AB$5=Q$4))/($L38-$K38+1)) -> 0 | R38: =IF($J38=0,0,$J38*SUMPRODUCT(('Cost baseline'!$C$4:$AB$4>=$K38)*('Cost baseline'!$C$4:$AB$4<=$L38)*('Cost baseline'!$C$5:$AB$5=R$4))/($L38-$K38+1)) -> 0
B39: 6.2 | C39: =IFERROR(INDEX(WBS!$F$5:$F$44,MATCH($B39,WBS!$B$5:$B$44,0)),"") -> K | D39: Quang Hiếu 3 + kế toán kho 5 ngày | E39: Nhân sự | F39: NB | G39: 8 | H39: ngày công | I39: =INDEX('Nguồn lực'!$D$5:$D$8,MATCH($F39,'Nguồn lực'!$B$5:$B$8,0)) -> 1 | J39: =G39*I39 -> 8 | K39: =INDEX('Hoạt động, lịch'!$L$5:$L$26,MATCH($C39,'Hoạt động, lịch'!$B$5:$B$26,0))+1 -> 13 | L39: =INDEX('Hoạt động, lịch'!$M$5:$M$26,MATCH($C39,'Hoạt động, lịch'!$B$5:$B$26,0)) -> 15 | M39: =IF($J39=0,0,$J39*SUMPRODUCT(('Cost baseline'!$C$4:$AB$4>=$K39)*('Cost baseline'!$C$4:$AB$4<=$L39)*('Cost baseline'!$C$5:$AB$5=M$4))/($L39-$K39+1)) -> 0 | N39: =IF($J39=0,0,$J39*SUMPRODUCT(('Cost baseline'!$C$4:$AB$4>=$K39)*('Cost baseline'!$C$4:$AB$4<=$L39)*('Cost baseline'!$C$5:$AB$5=N$4))/($L39-$K39+1)) -> 0 | O39: =IF($J39=0,0,$J39*SUMPRODUCT(('Cost baseline'!$C$4:$AB$4>=$K39)*('Cost baseline'!$C$4:$AB$4<=$L39)*('Cost baseline'!$C$5:$AB$5=O$4))/($L39-$K39+1)) -> 2.6666667 | P39: =IF($J39=0,0,$J39*SUMPRODUCT(('Cost baseline'!$C$4:$AB$4>=$K39)*('Cost baseline'!$C$4:$AB$4<=$L39)*('Cost baseline'!$C$5:$AB$5=P$4))/($L39-$K39+1)) -> 5.3333333 | Q39: =IF($J39=0,0,$J39*SUMPRODUCT(('Cost baseline'!$C$4:$AB$4>=$K39)*('Cost baseline'!$C$4:$AB$4<=$L39)*('Cost baseline'!$C$5:$AB$5=Q$4))/($L39-$K39+1)) -> 0 | R39: =IF($J39=0,0,$J39*SUMPRODUCT(('Cost baseline'!$C$4:$AB$4>=$K39)*('Cost baseline'!$C$4:$AB$4<=$L39)*('Cost baseline'!$C$5:$AB$5=R$4))/($L39-$K39+1)) -> 0
B40: 7.1 | C40: =IFERROR(INDEX(WBS!$F$5:$F$44,MATCH($B40,WBS!$B$5:$B$44,0)),"") -> L | D40: 2 tư vấn × 5 ngày | E40: Nhân sự | F40: TV | G40: 10 | H40: ngày công | I40: =INDEX('Nguồn lực'!$D$5:$D$8,MATCH($F40,'Nguồn lực'!$B$5:$B$8,0)) -> 2 | J40: =G40*I40 -> 20 | K40: =INDEX('Hoạt động, lịch'!$L$5:$L$26,MATCH($C40,'Hoạt động, lịch'!$B$5:$B$26,0))+1 -> 15 | L40: =INDEX('Hoạt động, lịch'!$M$5:$M$26,MATCH($C40,'Hoạt động, lịch'!$B$5:$B$26,0)) -> 15 | M40: =IF($J40=0,0,$J40*SUMPRODUCT(('Cost baseline'!$C$4:$AB$4>=$K40)*('Cost baseline'!$C$4:$AB$4<=$L40)*('Cost baseline'!$C$5:$AB$5=M$4))/($L40-$K40+1)) -> 0 | N40: =IF($J40=0,0,$J40*SUMPRODUCT(('Cost baseline'!$C$4:$AB$4>=$K40)*('Cost baseline'!$C$4:$AB$4<=$L40)*('Cost baseline'!$C$5:$AB$5=N$4))/($L40-$K40+1)) -> 0 | O40: =IF($J40=0,0,$J40*SUMPRODUCT(('Cost baseline'!$C$4:$AB$4>=$K40)*('Cost baseline'!$C$4:$AB$4<=$L40)*('Cost baseline'!$C$5:$AB$5=O$4))/($L40-$K40+1)) -> 0 | P40: =IF($J40=0,0,$J40*SUMPRODUCT(('Cost baseline'!$C$4:$AB$4>=$K40)*('Cost baseline'!$C$4:$AB$4<=$L40)*('Cost baseline'!$C$5:$AB$5=P$4))/($L40-$K40+1)) -> 20 | Q40: =IF($J40=0,0,$J40*SUMPRODUCT(('Cost baseline'!$C$4:$AB$4>=$K40)*('Cost baseline'!$C$4:$AB$4<=$L40)*('Cost baseline'!$C$5:$AB$5=Q$4))/($L40-$K40+1)) -> 0 | R40: =IF($J40=0,0,$J40*SUMPRODUCT(('Cost baseline'!$C$4:$AB$4>=$K40)*('Cost baseline'!$C$4:$AB$4<=$L40)*('Cost baseline'!$C$5:$AB$5=R$4))/($L40-$K40+1)) -> 0
B41: 7.1 | C41: =IFERROR(INDEX(WBS!$F$5:$F$44,MATCH($B41,WBS!$B$5:$B$44,0)),"") -> L | D41: Quang Hiếu | E41: Nhân sự | F41: NB | G41: 3 | H41: ngày công | I41: =INDEX('Nguồn lực'!$D$5:$D$8,MATCH($F41,'Nguồn lực'!$B$5:$B$8,0)) -> 1 | J41: =G41*I41 -> 3 | K41: =INDEX('Hoạt động, lịch'!$L$5:$L$26,MATCH($C41,'Hoạt động, lịch'!$B$5:$B$26,0))+1 -> 15 | L41: =INDEX('Hoạt động, lịch'!$M$5:$M$26,MATCH($C41,'Hoạt động, lịch'!$B$5:$B$26,0)) -> 15 | M41: =IF($J41=0,0,$J41*SUMPRODUCT(('Cost baseline'!$C$4:$AB$4>=$K41)*('Cost baseline'!$C$4:$AB$4<=$L41)*('Cost baseline'!$C$5:$AB$5=M$4))/($L41-$K41+1)) -> 0 | N41: =IF($J41=0,0,$J41*SUMPRODUCT(('Cost baseline'!$C$4:$AB$4>=$K41)*('Cost baseline'!$C$4:$AB$4<=$L41)*('Cost baseline'!$C$5:$AB$5=N$4))/($L41-$K41+1)) -> 0 | O41: =IF($J41=0,0,$J41*SUMPRODUCT(('Cost baseline'!$C$4:$AB$4>=$K41)*('Cost baseline'!$C$4:$AB$4<=$L41)*('Cost baseline'!$C$5:$AB$5=O$4))/($L41-$K41+1)) -> 0 | P41: =IF($J41=0,0,$J41*SUMPRODUCT(('Cost baseline'!$C$4:$AB$4>=$K41)*('Cost baseline'!$C$4:$AB$4<=$L41)*('Cost baseline'!$C$5:$AB$5=P$4))/($L41-$K41+1)) -> 3 | Q41: =IF($J41=0,0,$J41*SUMPRODUCT(('Cost baseline'!$C$4:$AB$4>=$K41)*('Cost baseline'!$C$4:$AB$4<=$L41)*('Cost baseline'!$C$5:$AB$5=Q$4))/($L41-$K41+1)) -> 0 | R41: =IF($J41=0,0,$J41*SUMPRODUCT(('Cost baseline'!$C$4:$AB$4>=$K41)*('Cost baseline'!$C$4:$AB$4<=$L41)*('Cost baseline'!$C$5:$AB$5=R$4))/($L41-$K41+1)) -> 0
B42: 7.1 | C42: =IFERROR(INDEX(WBS!$F$5:$F$44,MATCH($B42,WBS!$B$5:$B$44,0)),"") -> L | D42: Thuê công cụ kiểm thử tải | E42: Phần mềm, dịch vụ | G42: 1 | H42: tháng | I42: 5 | J42: =G42*I42 -> 5 | K42: =INDEX('Hoạt động, lịch'!$L$5:$L$26,MATCH($C42,'Hoạt động, lịch'!$B$5:$B$26,0))+1 -> 15 | L42: =INDEX('Hoạt động, lịch'!$M$5:$M$26,MATCH($C42,'Hoạt động, lịch'!$B$5:$B$26,0)) -> 15 | M42: =IF($J42=0,0,$J42*SUMPRODUCT(('Cost baseline'!$C$4:$AB$4>=$K42)*('Cost baseline'!$C$4:$AB$4<=$L42)*('Cost baseline'!$C$5:$AB$5=M$4))/($L42-$K42+1)) -> 0 | N42: =IF($J42=0,0,$J42*SUMPRODUCT(('Cost baseline'!$C$4:$AB$4>=$K42)*('Cost baseline'!$C$4:$AB$4<=$L42)*('Cost baseline'!$C$5:$AB$5=N$4))/($L42-$K42+1)) -> 0 | O42: =IF($J42=0,0,$J42*SUMPRODUCT(('Cost baseline'!$C$4:$AB$4>=$K42)*('Cost baseline'!$C$4:$AB$4<=$L42)*('Cost baseline'!$C$5:$AB$5=O$4))/($L42-$K42+1)) -> 0 | P42: =IF($J42=0,0,$J42*SUMPRODUCT(('Cost baseline'!$C$4:$AB$4>=$K42)*('Cost baseline'!$C$4:$AB$4<=$L42)*('Cost baseline'!$C$5:$AB$5=P$4))/($L42-$K42+1)) -> 5 | Q42: =IF($J42=0,0,$J42*SUMPRODUCT(('Cost baseline'!$C$4:$AB$4>=$K42)*('Cost baseline'!$C$4:$AB$4<=$L42)*('Cost baseline'!$C$5:$AB$5=Q$4))/($L42-$K42+1)) -> 0 | R42: =IF($J42=0,0,$J42*SUMPRODUCT(('Cost baseline'!$C$4:$AB$4>=$K42)*('Cost baseline'!$C$4:$AB$4<=$L42)*('Cost baseline'!$C$5:$AB$5=R$4))/($L42-$K42+1)) -> 0
B43: 7.2 | C43: =IFERROR(INDEX(WBS!$F$5:$F$44,MATCH($B43,WBS!$B$5:$B$44,0)),"") -> M | D43: Tư vấn sửa lỗi UAT | E43: Nhân sự | F43: TV | G43: 5 | H43: ngày công | I43: =INDEX('Nguồn lực'!$D$5:$D$8,MATCH($F43,'Nguồn lực'!$B$5:$B$8,0)) -> 2 | J43: =G43*I43 -> 10 | K43: =INDEX('Hoạt động, lịch'!$L$5:$L$26,MATCH($C43,'Hoạt động, lịch'!$B$5:$B$26,0))+1 -> 16 | L43: =INDEX('Hoạt động, lịch'!$M$5:$M$26,MATCH($C43,'Hoạt động, lịch'!$B$5:$B$26,0)) -> 16 | M43: =IF($J43=0,0,$J43*SUMPRODUCT(('Cost baseline'!$C$4:$AB$4>=$K43)*('Cost baseline'!$C$4:$AB$4<=$L43)*('Cost baseline'!$C$5:$AB$5=M$4))/($L43-$K43+1)) -> 0 | N43: =IF($J43=0,0,$J43*SUMPRODUCT(('Cost baseline'!$C$4:$AB$4>=$K43)*('Cost baseline'!$C$4:$AB$4<=$L43)*('Cost baseline'!$C$5:$AB$5=N$4))/($L43-$K43+1)) -> 0 | O43: =IF($J43=0,0,$J43*SUMPRODUCT(('Cost baseline'!$C$4:$AB$4>=$K43)*('Cost baseline'!$C$4:$AB$4<=$L43)*('Cost baseline'!$C$5:$AB$5=O$4))/($L43-$K43+1)) -> 0 | P43: =IF($J43=0,0,$J43*SUMPRODUCT(('Cost baseline'!$C$4:$AB$4>=$K43)*('Cost baseline'!$C$4:$AB$4<=$L43)*('Cost baseline'!$C$5:$AB$5=P$4))/($L43-$K43+1)) -> 10 | Q43: =IF($J43=0,0,$J43*SUMPRODUCT(('Cost baseline'!$C$4:$AB$4>=$K43)*('Cost baseline'!$C$4:$AB$4<=$L43)*('Cost baseline'!$C$5:$AB$5=Q$4))/($L43-$K43+1)) -> 0 | R43: =IF($J43=0,0,$J43*SUMPRODUCT(('Cost baseline'!$C$4:$AB$4>=$K43)*('Cost baseline'!$C$4:$AB$4<=$L43)*('Cost baseline'!$C$5:$AB$5=R$4))/($L43-$K43+1)) -> 0
B44: 7.2 | C44: =IFERROR(INDEX(WBS!$F$5:$F$44,MATCH($B44,WBS!$B$5:$B$44,0)),"") -> M | D44: BA hỗ trợ UAT | E44: Nhân sự | F44: BA | G44: 5 | H44: ngày công | I44: =INDEX('Nguồn lực'!$D$5:$D$8,MATCH($F44,'Nguồn lực'!$B$5:$B$8,0)) -> 1.5 | J44: =G44*I44 -> 7.5 | K44: =INDEX('Hoạt động, lịch'!$L$5:$L$26,MATCH($C44,'Hoạt động, lịch'!$B$5:$B$26,0))+1 -> 16 | L44: =INDEX('Hoạt động, lịch'!$M$5:$M$26,MATCH($C44,'Hoạt động, lịch'!$B$5:$B$26,0)) -> 16 | M44: =IF($J44=0,0,$J44*SUMPRODUCT(('Cost baseline'!$C$4:$AB$4>=$K44)*('Cost baseline'!$C$4:$AB$4<=$L44)*('Cost baseline'!$C$5:$AB$5=M$4))/($L44-$K44+1)) -> 0 | N44: =IF($J44=0,0,$J44*SUMPRODUCT(('Cost baseline'!$C$4:$AB$4>=$K44)*('Cost baseline'!$C$4:$AB$4<=$L44)*('Cost baseline'!$C$5:$AB$5=N$4))/($L44-$K44+1)) -> 0 | O44: =IF($J44=0,0,$J44*SUMPRODUCT(('Cost baseline'!$C$4:$AB$4>=$K44)*('Cost baseline'!$C$4:$AB$4<=$L44)*('Cost baseline'!$C$5:$AB$5=O$4))/($L44-$K44+1)) -> 0 | P44: =IF($J44=0,0,$J44*SUMPRODUCT(('Cost baseline'!$C$4:$AB$4>=$K44)*('Cost baseline'!$C$4:$AB$4<=$L44)*('Cost baseline'!$C$5:$AB$5=P$4))/($L44-$K44+1)) -> 7.5 | Q44: =IF($J44=0,0,$J44*SUMPRODUCT(('Cost baseline'!$C$4:$AB$4>=$K44)*('Cost baseline'!$C$4:$AB$4<=$L44)*('Cost baseline'!$C$5:$AB$5=Q$4))/($L44-$K44+1)) -> 0 | R44: =IF($J44=0,0,$J44*SUMPRODUCT(('Cost baseline'!$C$4:$AB$4>=$K44)*('Cost baseline'!$C$4:$AB$4<=$L44)*('Cost baseline'!$C$5:$AB$5=R$4))/($L44-$K44+1)) -> 0
B45: 7.2 | C45: =IFERROR(INDEX(WBS!$F$5:$F$44,MATCH($B45,WBS!$B$5:$B$44,0)),"") -> M | D45: Quang Hiếu điều phối UAT | E45: Nhân sự | F45: NB | G45: 5 | H45: ngày công | I45: =INDEX('Nguồn lực'!$D$5:$D$8,MATCH($F45,'Nguồn lực'!$B$5:$B$8,0)) -> 1 | J45: =G45*I45 -> 5 | K45: =INDEX('Hoạt động, lịch'!$L$5:$L$26,MATCH($C45,'Hoạt động, lịch'!$B$5:$B$26,0))+1 -> 16 | L45: =INDEX('Hoạt động, lịch'!$M$5:$M$26,MATCH($C45,'Hoạt động, lịch'!$B$5:$B$26,0)) -> 16 | M45: =IF($J45=0,0,$J45*SUMPRODUCT(('Cost baseline'!$C$4:$AB$4>=$K45)*('Cost baseline'!$C$4:$AB$4<=$L45)*('Cost baseline'!$C$5:$AB$5=M$4))/($L45-$K45+1)) -> 0 | N45: =IF($J45=0,0,$J45*SUMPRODUCT(('Cost baseline'!$C$4:$AB$4>=$K45)*('Cost baseline'!$C$4:$AB$4<=$L45)*('Cost baseline'!$C$5:$AB$5=N$4))/($L45-$K45+1)) -> 0 | O45: =IF($J45=0,0,$J45*SUMPRODUCT(('Cost baseline'!$C$4:$AB$4>=$K45)*('Cost baseline'!$C$4:$AB$4<=$L45)*('Cost baseline'!$C$5:$AB$5=O$4))/($L45-$K45+1)) -> 0 | P45: =IF($J45=0,0,$J45*SUMPRODUCT(('Cost baseline'!$C$4:$AB$4>=$K45)*('Cost baseline'!$C$4:$AB$4<=$L45)*('Cost baseline'!$C$5:$AB$5=P$4))/($L45-$K45+1)) -> 5 | Q45: =IF($J45=0,0,$J45*SUMPRODUCT(('Cost baseline'!$C$4:$AB$4>=$K45)*('Cost baseline'!$C$4:$AB$4<=$L45)*('Cost baseline'!$C$5:$AB$5=Q$4))/($L45-$K45+1)) -> 0 | R45: =IF($J45=0,0,$J45*SUMPRODUCT(('Cost baseline'!$C$4:$AB$4>=$K45)*('Cost baseline'!$C$4:$AB$4<=$L45)*('Cost baseline'!$C$5:$AB$5=R$4))/($L45-$K45+1)) -> 0
B46: 8.1 | C46: =IFERROR(INDEX(WBS!$F$5:$F$44,MATCH($B46,WBS!$B$5:$B$44,0)),"") -> N | D46: Tư vấn: tài liệu, đào tạo trainer | E46: Nhân sự | F46: TV | G46: 10 | H46: ngày công | I46: =INDEX('Nguồn lực'!$D$5:$D$8,MATCH($F46,'Nguồn lực'!$B$5:$B$8,0)) -> 2 | J46: =G46*I46 -> 20 | K46: =INDEX('Hoạt động, lịch'!$L$5:$L$26,MATCH($C46,'Hoạt động, lịch'!$B$5:$B$26,0))+1 -> 12 | L46: =INDEX('Hoạt động, lịch'!$M$5:$M$26,MATCH($C46,'Hoạt động, lịch'!$B$5:$B$26,0)) -> 14 | M46: =IF($J46=0,0,$J46*SUMPRODUCT(('Cost baseline'!$C$4:$AB$4>=$K46)*('Cost baseline'!$C$4:$AB$4<=$L46)*('Cost baseline'!$C$5:$AB$5=M$4))/($L46-$K46+1)) -> 0 | N46: =IF($J46=0,0,$J46*SUMPRODUCT(('Cost baseline'!$C$4:$AB$4>=$K46)*('Cost baseline'!$C$4:$AB$4<=$L46)*('Cost baseline'!$C$5:$AB$5=N$4))/($L46-$K46+1)) -> 0 | O46: =IF($J46=0,0,$J46*SUMPRODUCT(('Cost baseline'!$C$4:$AB$4>=$K46)*('Cost baseline'!$C$4:$AB$4<=$L46)*('Cost baseline'!$C$5:$AB$5=O$4))/($L46-$K46+1)) -> 13.333333 | P46: =IF($J46=0,0,$J46*SUMPRODUCT(('Cost baseline'!$C$4:$AB$4>=$K46)*('Cost baseline'!$C$4:$AB$4<=$L46)*('Cost baseline'!$C$5:$AB$5=P$4))/($L46-$K46+1)) -> 6.6666667 | Q46: =IF($J46=0,0,$J46*SUMPRODUCT(('Cost baseline'!$C$4:$AB$4>=$K46)*('Cost baseline'!$C$4:$AB$4<=$L46)*('Cost baseline'!$C$5:$AB$5=Q$4))/($L46-$K46+1)) -> 0 | R46: =IF($J46=0,0,$J46*SUMPRODUCT(('Cost baseline'!$C$4:$AB$4>=$K46)*('Cost baseline'!$C$4:$AB$4<=$L46)*('Cost baseline'!$C$5:$AB$5=R$4))/($L46-$K46+1)) -> 0
B47: 8.1 | C47: =IFERROR(INDEX(WBS!$F$5:$F$44,MATCH($B47,WBS!$B$5:$B$44,0)),"") -> N | D47: 2 trainer nội bộ học 2,5 ngày | E47: Nhân sự | F47: NB | G47: 5 | H47: ngày công | I47: =INDEX('Nguồn lực'!$D$5:$D$8,MATCH($F47,'Nguồn lực'!$B$5:$B$8,0)) -> 1 | J47: =G47*I47 -> 5 | K47: =INDEX('Hoạt động, lịch'!$L$5:$L$26,MATCH($C47,'Hoạt động, lịch'!$B$5:$B$26,0))+1 -> 12 | L47: =INDEX('Hoạt động, lịch'!$M$5:$M$26,MATCH($C47,'Hoạt động, lịch'!$B$5:$B$26,0)) -> 14 | M47: =IF($J47=0,0,$J47*SUMPRODUCT(('Cost baseline'!$C$4:$AB$4>=$K47)*('Cost baseline'!$C$4:$AB$4<=$L47)*('Cost baseline'!$C$5:$AB$5=M$4))/($L47-$K47+1)) -> 0 | N47: =IF($J47=0,0,$J47*SUMPRODUCT(('Cost baseline'!$C$4:$AB$4>=$K47)*('Cost baseline'!$C$4:$AB$4<=$L47)*('Cost baseline'!$C$5:$AB$5=N$4))/($L47-$K47+1)) -> 0 | O47: =IF($J47=0,0,$J47*SUMPRODUCT(('Cost baseline'!$C$4:$AB$4>=$K47)*('Cost baseline'!$C$4:$AB$4<=$L47)*('Cost baseline'!$C$5:$AB$5=O$4))/($L47-$K47+1)) -> 3.3333333 | P47: =IF($J47=0,0,$J47*SUMPRODUCT(('Cost baseline'!$C$4:$AB$4>=$K47)*('Cost baseline'!$C$4:$AB$4<=$L47)*('Cost baseline'!$C$5:$AB$5=P$4))/($L47-$K47+1)) -> 1.6666667 | Q47: =IF($J47=0,0,$J47*SUMPRODUCT(('Cost baseline'!$C$4:$AB$4>=$K47)*('Cost baseline'!$C$4:$AB$4<=$L47)*('Cost baseline'!$C$5:$AB$5=Q$4))/($L47-$K47+1)) -> 0 | R47: =IF($J47=0,0,$J47*SUMPRODUCT(('Cost baseline'!$C$4:$AB$4>=$K47)*('Cost baseline'!$C$4:$AB$4<=$L47)*('Cost baseline'!$C$5:$AB$5=R$4))/($L47-$K47+1)) -> 0
B48: 8.1 | C48: =IFERROR(INDEX(WBS!$F$5:$F$44,MATCH($B48,WBS!$B$5:$B$44,0)),"") -> N | D48: Sản xuất video 6 vai trò | E48: Đào tạo | G48: 1 | H48: gói | I48: 12 | J48: =G48*I48 -> 12 | K48: =INDEX('Hoạt động, lịch'!$L$5:$L$26,MATCH($C48,'Hoạt động, lịch'!$B$5:$B$26,0))+1 -> 12 | L48: =INDEX('Hoạt động, lịch'!$M$5:$M$26,MATCH($C48,'Hoạt động, lịch'!$B$5:$B$26,0)) -> 14 | M48: =IF($J48=0,0,$J48*SUMPRODUCT(('Cost baseline'!$C$4:$AB$4>=$K48)*('Cost baseline'!$C$4:$AB$4<=$L48)*('Cost baseline'!$C$5:$AB$5=M$4))/($L48-$K48+1)) -> 0 | N48: =IF($J48=0,0,$J48*SUMPRODUCT(('Cost baseline'!$C$4:$AB$4>=$K48)*('Cost baseline'!$C$4:$AB$4<=$L48)*('Cost baseline'!$C$5:$AB$5=N$4))/($L48-$K48+1)) -> 0 | O48: =IF($J48=0,0,$J48*SUMPRODUCT(('Cost baseline'!$C$4:$AB$4>=$K48)*('Cost baseline'!$C$4:$AB$4<=$L48)*('Cost baseline'!$C$5:$AB$5=O$4))/($L48-$K48+1)) -> 8 | P48: =IF($J48=0,0,$J48*SUMPRODUCT(('Cost baseline'!$C$4:$AB$4>=$K48)*('Cost baseline'!$C$4:$AB$4<=$L48)*('Cost baseline'!$C$5:$AB$5=P$4))/($L48-$K48+1)) -> 4 | Q48: =IF($J48=0,0,$J48*SUMPRODUCT(('Cost baseline'!$C$4:$AB$4>=$K48)*('Cost baseline'!$C$4:$AB$4<=$L48)*('Cost baseline'!$C$5:$AB$5=Q$4))/($L48-$K48+1)) -> 0 | R48: =IF($J48=0,0,$J48*SUMPRODUCT(('Cost baseline'!$C$4:$AB$4>=$K48)*('Cost baseline'!$C$4:$AB$4<=$L48)*('Cost baseline'!$C$5:$AB$5=R$4))/($L48-$K48+1)) -> 0
B49: 8.1 | C49: =IFERROR(INDEX(WBS!$F$5:$F$44,MATCH($B49,WBS!$B$5:$B$44,0)),"") -> N | D49: In tài liệu, thẻ hướng dẫn | E49: Đào tạo | G49: 1 | H49: gói | I49: 6 | J49: =G49*I49 -> 6 | K49: =INDEX('Hoạt động, lịch'!$L$5:$L$26,MATCH($C49,'Hoạt động, lịch'!$B$5:$B$26,0))+1 -> 12 | L49: =INDEX('Hoạt động, lịch'!$M$5:$M$26,MATCH($C49,'Hoạt động, lịch'!$B$5:$B$26,0)) -> 14 | M49: =IF($J49=0,0,$J49*SUMPRODUCT(('Cost baseline'!$C$4:$AB$4>=$K49)*('Cost baseline'!$C$4:$AB$4<=$L49)*('Cost baseline'!$C$5:$AB$5=M$4))/($L49-$K49+1)) -> 0 | N49: =IF($J49=0,0,$J49*SUMPRODUCT(('Cost baseline'!$C$4:$AB$4>=$K49)*('Cost baseline'!$C$4:$AB$4<=$L49)*('Cost baseline'!$C$5:$AB$5=N$4))/($L49-$K49+1)) -> 0 | O49: =IF($J49=0,0,$J49*SUMPRODUCT(('Cost baseline'!$C$4:$AB$4>=$K49)*('Cost baseline'!$C$4:$AB$4<=$L49)*('Cost baseline'!$C$5:$AB$5=O$4))/($L49-$K49+1)) -> 4 | P49: =IF($J49=0,0,$J49*SUMPRODUCT(('Cost baseline'!$C$4:$AB$4>=$K49)*('Cost baseline'!$C$4:$AB$4<=$L49)*('Cost baseline'!$C$5:$AB$5=P$4))/($L49-$K49+1)) -> 2 | Q49: =IF($J49=0,0,$J49*SUMPRODUCT(('Cost baseline'!$C$4:$AB$4>=$K49)*('Cost baseline'!$C$4:$AB$4<=$L49)*('Cost baseline'!$C$5:$AB$5=Q$4))/($L49-$K49+1)) -> 0 | R49: =IF($J49=0,0,$J49*SUMPRODUCT(('Cost baseline'!$C$4:$AB$4>=$K49)*('Cost baseline'!$C$4:$AB$4<=$L49)*('Cost baseline'!$C$5:$AB$5=R$4))/($L49-$K49+1)) -> 0
B50: 8.2 | C50: =IFERROR(INDEX(WBS!$F$5:$F$44,MATCH($B50,WBS!$B$5:$B$44,0)),"") -> O | D50: 2 trainer × 5 nhà hàng × 2 ngày | E50: Nhân sự | F50: NB | G50: 20 | H50: ngày công | I50: =INDEX('Nguồn lực'!$D$5:$D$8,MATCH($F50,'Nguồn lực'!$B$5:$B$8,0)) -> 1 | J50: =G50*I50 -> 20 | K50: =INDEX('Hoạt động, lịch'!$L$5:$L$26,MATCH($C50,'Hoạt động, lịch'!$B$5:$B$26,0))+1 -> 15 | L50: =INDEX('Hoạt động, lịch'!$M$5:$M$26,MATCH($C50,'Hoạt động, lịch'!$B$5:$B$26,0)) -> 20 | M50: =IF($J50=0,0,$J50*SUMPRODUCT(('Cost baseline'!$C$4:$AB$4>=$K50)*('Cost baseline'!$C$4:$AB$4<=$L50)*('Cost baseline'!$C$5:$AB$5=M$4))/($L50-$K50+1)) -> 0 | N50: =IF($J50=0,0,$J50*SUMPRODUCT(('Cost baseline'!$C$4:$AB$4>=$K50)*('Cost baseline'!$C$4:$AB$4<=$L50)*('Cost baseline'!$C$5:$AB$5=N$4))/($L50-$K50+1)) -> 0 | O50: =IF($J50=0,0,$J50*SUMPRODUCT(('Cost baseline'!$C$4:$AB$4>=$K50)*('Cost baseline'!$C$4:$AB$4<=$L50)*('Cost baseline'!$C$5:$AB$5=O$4))/($L50-$K50+1)) -> 0 | P50: =IF($J50=0,0,$J50*SUMPRODUCT(('Cost baseline'!$C$4:$AB$4>=$K50)*('Cost baseline'!$C$4:$AB$4<=$L50)*('Cost baseline'!$C$5:$AB$5=P$4))/($L50-$K50+1)) -> 13.333333 | Q50: =IF($J50=0,0,$J50*SUMPRODUCT(('Cost baseline'!$C$4:$AB$4>=$K50)*('Cost baseline'!$C$4:$AB$4<=$L50)*('Cost baseline'!$C$5:$AB$5=Q$4))/($L50-$K50+1)) -> 6.6666667 | R50: =IF($J50=0,0,$J50*SUMPRODUCT(('Cost baseline'!$C$4:$AB$4>=$K50)*('Cost baseline'!$C$4:$AB$4<=$L50)*('Cost baseline'!$C$5:$AB$5=R$4))/($L50-$K50+1)) -> 0
B51: 8.2 | C51: =IFERROR(INDEX(WBS!$F$5:$F$44,MATCH($B51,WBS!$B$5:$B$44,0)),"") -> O | D51: Phụ cấp học ngoài giờ 210 nhân viên | E51: Đào tạo | G51: 210 | H51: người | I51: 0.08 | J51: =G51*I51 -> 16.8 | K51: =INDEX('Hoạt động, lịch'!$L$5:$L$26,MATCH($C51,'Hoạt động, lịch'!$B$5:$B$26,0))+1 -> 15 | L51: =INDEX('Hoạt động, lịch'!$M$5:$M$26,MATCH($C51,'Hoạt động, lịch'!$B$5:$B$26,0)) -> 20 | M51: =IF($J51=0,0,$J51*SUMPRODUCT(('Cost baseline'!$C$4:$AB$4>=$K51)*('Cost baseline'!$C$4:$AB$4<=$L51)*('Cost baseline'!$C$5:$AB$5=M$4))/($L51-$K51+1)) -> 0 | N51: =IF($J51=0,0,$J51*SUMPRODUCT(('Cost baseline'!$C$4:$AB$4>=$K51)*('Cost baseline'!$C$4:$AB$4<=$L51)*('Cost baseline'!$C$5:$AB$5=N$4))/($L51-$K51+1)) -> 0 | O51: =IF($J51=0,0,$J51*SUMPRODUCT(('Cost baseline'!$C$4:$AB$4>=$K51)*('Cost baseline'!$C$4:$AB$4<=$L51)*('Cost baseline'!$C$5:$AB$5=O$4))/($L51-$K51+1)) -> 0 | P51: =IF($J51=0,0,$J51*SUMPRODUCT(('Cost baseline'!$C$4:$AB$4>=$K51)*('Cost baseline'!$C$4:$AB$4<=$L51)*('Cost baseline'!$C$5:$AB$5=P$4))/($L51-$K51+1)) -> 11.2 | Q51: =IF($J51=0,0,$J51*SUMPRODUCT(('Cost baseline'!$C$4:$AB$4>=$K51)*('Cost baseline'!$C$4:$AB$4<=$L51)*('Cost baseline'!$C$5:$AB$5=Q$4))/($L51-$K51+1)) -> 5.6 | R51: =IF($J51=0,0,$J51*SUMPRODUCT(('Cost baseline'!$C$4:$AB$4>=$K51)*('Cost baseline'!$C$4:$AB$4<=$L51)*('Cost baseline'!$C$5:$AB$5=R$4))/($L51-$K51+1)) -> 0
B52: 8.2 | C52: =IFERROR(INDEX(WBS!$F$5:$F$44,MATCH($B52,WBS!$B$5:$B$44,0)),"") -> O | D52: Phòng học, in bài kiểm tra | E52: Đào tạo | G52: 1 | H52: gói | I52: 5.2 | J52: =G52*I52 -> 5.2 | K52: =INDEX('Hoạt động, lịch'!$L$5:$L$26,MATCH($C52,'Hoạt động, lịch'!$B$5:$B$26,0))+1 -> 15 | L52: =INDEX('Hoạt động, lịch'!$M$5:$M$26,MATCH($C52,'Hoạt động, lịch'!$B$5:$B$26,0)) -> 20 | M52: =IF($J52=0,0,$J52*SUMPRODUCT(('Cost baseline'!$C$4:$AB$4>=$K52)*('Cost baseline'!$C$4:$AB$4<=$L52)*('Cost baseline'!$C$5:$AB$5=M$4))/($L52-$K52+1)) -> 0 | N52: =IF($J52=0,0,$J52*SUMPRODUCT(('Cost baseline'!$C$4:$AB$4>=$K52)*('Cost baseline'!$C$4:$AB$4<=$L52)*('Cost baseline'!$C$5:$AB$5=N$4))/($L52-$K52+1)) -> 0 | O52: =IF($J52=0,0,$J52*SUMPRODUCT(('Cost baseline'!$C$4:$AB$4>=$K52)*('Cost baseline'!$C$4:$AB$4<=$L52)*('Cost baseline'!$C$5:$AB$5=O$4))/($L52-$K52+1)) -> 0 | P52: =IF($J52=0,0,$J52*SUMPRODUCT(('Cost baseline'!$C$4:$AB$4>=$K52)*('Cost baseline'!$C$4:$AB$4<=$L52)*('Cost baseline'!$C$5:$AB$5=P$4))/($L52-$K52+1)) -> 3.4666667 | Q52: =IF($J52=0,0,$J52*SUMPRODUCT(('Cost baseline'!$C$4:$AB$4>=$K52)*('Cost baseline'!$C$4:$AB$4<=$L52)*('Cost baseline'!$C$5:$AB$5=Q$4))/($L52-$K52+1)) -> 1.7333333 | R52: =IF($J52=0,0,$J52*SUMPRODUCT(('Cost baseline'!$C$4:$AB$4>=$K52)*('Cost baseline'!$C$4:$AB$4<=$L52)*('Cost baseline'!$C$5:$AB$5=R$4))/($L52-$K52+1)) -> 0
B53: 9.1.1 | C53: =IFERROR(INDEX(WBS!$F$5:$F$44,MATCH($B53,WBS!$B$5:$B$44,0)),"") -> P | D53: Tư vấn tại chỗ tuần go-live | E53: Nhân sự | F53: TV | G53: 5 | H53: ngày công | I53: =INDEX('Nguồn lực'!$D$5:$D$8,MATCH($F53,'Nguồn lực'!$B$5:$B$8,0)) -> 2 | J53: =G53*I53 -> 10 | K53: =INDEX('Hoạt động, lịch'!$L$5:$L$26,MATCH($C53,'Hoạt động, lịch'!$B$5:$B$26,0))+1 -> 17 | L53: =INDEX('Hoạt động, lịch'!$M$5:$M$26,MATCH($C53,'Hoạt động, lịch'!$B$5:$B$26,0)) -> 18 | M53: =IF($J53=0,0,$J53*SUMPRODUCT(('Cost baseline'!$C$4:$AB$4>=$K53)*('Cost baseline'!$C$4:$AB$4<=$L53)*('Cost baseline'!$C$5:$AB$5=M$4))/($L53-$K53+1)) -> 0 | N53: =IF($J53=0,0,$J53*SUMPRODUCT(('Cost baseline'!$C$4:$AB$4>=$K53)*('Cost baseline'!$C$4:$AB$4<=$L53)*('Cost baseline'!$C$5:$AB$5=N$4))/($L53-$K53+1)) -> 0 | O53: =IF($J53=0,0,$J53*SUMPRODUCT(('Cost baseline'!$C$4:$AB$4>=$K53)*('Cost baseline'!$C$4:$AB$4<=$L53)*('Cost baseline'!$C$5:$AB$5=O$4))/($L53-$K53+1)) -> 0 | P53: =IF($J53=0,0,$J53*SUMPRODUCT(('Cost baseline'!$C$4:$AB$4>=$K53)*('Cost baseline'!$C$4:$AB$4<=$L53)*('Cost baseline'!$C$5:$AB$5=P$4))/($L53-$K53+1)) -> 10 | Q53: =IF($J53=0,0,$J53*SUMPRODUCT(('Cost baseline'!$C$4:$AB$4>=$K53)*('Cost baseline'!$C$4:$AB$4<=$L53)*('Cost baseline'!$C$5:$AB$5=Q$4))/($L53-$K53+1)) -> 0 | R53: =IF($J53=0,0,$J53*SUMPRODUCT(('Cost baseline'!$C$4:$AB$4>=$K53)*('Cost baseline'!$C$4:$AB$4<=$L53)*('Cost baseline'!$C$5:$AB$5=R$4))/($L53-$K53+1)) -> 0
B54: 9.1.1 | C54: =IFERROR(INDEX(WBS!$F$5:$F$44,MATCH($B54,WBS!$B$5:$B$44,0)),"") -> P | D54: Tuấn Anh 4 + IT 4 ngày | E54: Nhân sự | F54: NB | G54: 8 | H54: ngày công | I54: =INDEX('Nguồn lực'!$D$5:$D$8,MATCH($F54,'Nguồn lực'!$B$5:$B$8,0)) -> 1 | J54: =G54*I54 -> 8 | K54: =INDEX('Hoạt động, lịch'!$L$5:$L$26,MATCH($C54,'Hoạt động, lịch'!$B$5:$B$26,0))+1 -> 17 | L54: =INDEX('Hoạt động, lịch'!$M$5:$M$26,MATCH($C54,'Hoạt động, lịch'!$B$5:$B$26,0)) -> 18 | M54: =IF($J54=0,0,$J54*SUMPRODUCT(('Cost baseline'!$C$4:$AB$4>=$K54)*('Cost baseline'!$C$4:$AB$4<=$L54)*('Cost baseline'!$C$5:$AB$5=M$4))/($L54-$K54+1)) -> 0 | N54: =IF($J54=0,0,$J54*SUMPRODUCT(('Cost baseline'!$C$4:$AB$4>=$K54)*('Cost baseline'!$C$4:$AB$4<=$L54)*('Cost baseline'!$C$5:$AB$5=N$4))/($L54-$K54+1)) -> 0 | O54: =IF($J54=0,0,$J54*SUMPRODUCT(('Cost baseline'!$C$4:$AB$4>=$K54)*('Cost baseline'!$C$4:$AB$4<=$L54)*('Cost baseline'!$C$5:$AB$5=O$4))/($L54-$K54+1)) -> 0 | P54: =IF($J54=0,0,$J54*SUMPRODUCT(('Cost baseline'!$C$4:$AB$4>=$K54)*('Cost baseline'!$C$4:$AB$4<=$L54)*('Cost baseline'!$C$5:$AB$5=P$4))/($L54-$K54+1)) -> 8 | Q54: =IF($J54=0,0,$J54*SUMPRODUCT(('Cost baseline'!$C$4:$AB$4>=$K54)*('Cost baseline'!$C$4:$AB$4<=$L54)*('Cost baseline'!$C$5:$AB$5=Q$4))/($L54-$K54+1)) -> 0 | R54: =IF($J54=0,0,$J54*SUMPRODUCT(('Cost baseline'!$C$4:$AB$4>=$K54)*('Cost baseline'!$C$4:$AB$4<=$L54)*('Cost baseline'!$C$5:$AB$5=R$4))/($L54-$K54+1)) -> 0
B55: 9.1.1 | C55: =IFERROR(INDEX(WBS!$F$5:$F$44,MATCH($B55,WBS!$B$5:$B$44,0)),"") -> P | D55: Thuê bao chính thức Cầu Giấy (từ 21/06) | E55: Phần mềm, dịch vụ | G55: 3 | H55: tháng | I55: 3 | J55: =G55*I55 -> 9 | K55: 17 | L55: 26 | M55: =IF($J55=0,0,$J55*SUMPRODUCT(('Cost baseline'!$C$4:$AB$4>=$K55)*('Cost baseline'!$C$4:$AB$4<=$L55)*('Cost baseline'!$C$5:$AB$5=M$4))/($L55-$K55+1)) -> 0 | N55: =IF($J55=0,0,$J55*SUMPRODUCT(('Cost baseline'!$C$4:$AB$4>=$K55)*('Cost baseline'!$C$4:$AB$4<=$L55)*('Cost baseline'!$C$5:$AB$5=N$4))/($L55-$K55+1)) -> 0 | O55: =IF($J55=0,0,$J55*SUMPRODUCT(('Cost baseline'!$C$4:$AB$4>=$K55)*('Cost baseline'!$C$4:$AB$4<=$L55)*('Cost baseline'!$C$5:$AB$5=O$4))/($L55-$K55+1)) -> 0 | P55: =IF($J55=0,0,$J55*SUMPRODUCT(('Cost baseline'!$C$4:$AB$4>=$K55)*('Cost baseline'!$C$4:$AB$4<=$L55)*('Cost baseline'!$C$5:$AB$5=P$4))/($L55-$K55+1)) -> 1.8 | Q55: =IF($J55=0,0,$J55*SUMPRODUCT(('Cost baseline'!$C$4:$AB$4>=$K55)*('Cost baseline'!$C$4:$AB$4<=$L55)*('Cost baseline'!$C$5:$AB$5=Q$4))/($L55-$K55+1)) -> 3.6 | R55: =IF($J55=0,0,$J55*SUMPRODUCT(('Cost baseline'!$C$4:$AB$4>=$K55)*('Cost baseline'!$C$4:$AB$4<=$L55)*('Cost baseline'!$C$5:$AB$5=R$4))/($L55-$K55+1)) -> 3.6
B56: 9.1.2 | C56: =IFERROR(INDEX(WBS!$F$5:$F$44,MATCH($B56,WBS!$B$5:$B$44,0)),"") -> Q | D56: Tư vấn 1 ngày/nhà hàng | E56: Nhân sự | F56: TV | G56: 4 | H56: ngày công | I56: =INDEX('Nguồn lực'!$D$5:$D$8,MATCH($F56,'Nguồn lực'!$B$5:$B$8,0)) -> 2 | J56: =G56*I56 -> 8 | K56: =INDEX('Hoạt động, lịch'!$L$5:$L$26,MATCH($C56,'Hoạt động, lịch'!$B$5:$B$26,0))+1 -> 19 | L56: =INDEX('Hoạt động, lịch'!$M$5:$M$26,MATCH($C56,'Hoạt động, lịch'!$B$5:$B$26,0)) -> 22 | M56: =IF($J56=0,0,$J56*SUMPRODUCT(('Cost baseline'!$C$4:$AB$4>=$K56)*('Cost baseline'!$C$4:$AB$4<=$L56)*('Cost baseline'!$C$5:$AB$5=M$4))/($L56-$K56+1)) -> 0 | N56: =IF($J56=0,0,$J56*SUMPRODUCT(('Cost baseline'!$C$4:$AB$4>=$K56)*('Cost baseline'!$C$4:$AB$4<=$L56)*('Cost baseline'!$C$5:$AB$5=N$4))/($L56-$K56+1)) -> 0 | O56: =IF($J56=0,0,$J56*SUMPRODUCT(('Cost baseline'!$C$4:$AB$4>=$K56)*('Cost baseline'!$C$4:$AB$4<=$L56)*('Cost baseline'!$C$5:$AB$5=O$4))/($L56-$K56+1)) -> 0 | P56: =IF($J56=0,0,$J56*SUMPRODUCT(('Cost baseline'!$C$4:$AB$4>=$K56)*('Cost baseline'!$C$4:$AB$4<=$L56)*('Cost baseline'!$C$5:$AB$5=P$4))/($L56-$K56+1)) -> 0 | Q56: =IF($J56=0,0,$J56*SUMPRODUCT(('Cost baseline'!$C$4:$AB$4>=$K56)*('Cost baseline'!$C$4:$AB$4<=$L56)*('Cost baseline'!$C$5:$AB$5=Q$4))/($L56-$K56+1)) -> 8 | R56: =IF($J56=0,0,$J56*SUMPRODUCT(('Cost baseline'!$C$4:$AB$4>=$K56)*('Cost baseline'!$C$4:$AB$4<=$L56)*('Cost baseline'!$C$5:$AB$5=R$4))/($L56-$K56+1)) -> 0
B57: 9.1.2 | C57: =IFERROR(INDEX(WBS!$F$5:$F$44,MATCH($B57,WBS!$B$5:$B$44,0)),"") -> Q | D57: Tuấn Anh 4 + IT 8 ngày | E57: Nhân sự | F57: NB | G57: 12 | H57: ngày công | I57: =INDEX('Nguồn lực'!$D$5:$D$8,MATCH($F57,'Nguồn lực'!$B$5:$B$8,0)) -> 1 | J57: =G57*I57 -> 12 | K57: =INDEX('Hoạt động, lịch'!$L$5:$L$26,MATCH($C57,'Hoạt động, lịch'!$B$5:$B$26,0))+1 -> 19 | L57: =INDEX('Hoạt động, lịch'!$M$5:$M$26,MATCH($C57,'Hoạt động, lịch'!$B$5:$B$26,0)) -> 22 | M57: =IF($J57=0,0,$J57*SUMPRODUCT(('Cost baseline'!$C$4:$AB$4>=$K57)*('Cost baseline'!$C$4:$AB$4<=$L57)*('Cost baseline'!$C$5:$AB$5=M$4))/($L57-$K57+1)) -> 0 | N57: =IF($J57=0,0,$J57*SUMPRODUCT(('Cost baseline'!$C$4:$AB$4>=$K57)*('Cost baseline'!$C$4:$AB$4<=$L57)*('Cost baseline'!$C$5:$AB$5=N$4))/($L57-$K57+1)) -> 0 | O57: =IF($J57=0,0,$J57*SUMPRODUCT(('Cost baseline'!$C$4:$AB$4>=$K57)*('Cost baseline'!$C$4:$AB$4<=$L57)*('Cost baseline'!$C$5:$AB$5=O$4))/($L57-$K57+1)) -> 0 | P57: =IF($J57=0,0,$J57*SUMPRODUCT(('Cost baseline'!$C$4:$AB$4>=$K57)*('Cost baseline'!$C$4:$AB$4<=$L57)*('Cost baseline'!$C$5:$AB$5=P$4))/($L57-$K57+1)) -> 0 | Q57: =IF($J57=0,0,$J57*SUMPRODUCT(('Cost baseline'!$C$4:$AB$4>=$K57)*('Cost baseline'!$C$4:$AB$4<=$L57)*('Cost baseline'!$C$5:$AB$5=Q$4))/($L57-$K57+1)) -> 12 | R57: =IF($J57=0,0,$J57*SUMPRODUCT(('Cost baseline'!$C$4:$AB$4>=$K57)*('Cost baseline'!$C$4:$AB$4<=$L57)*('Cost baseline'!$C$5:$AB$5=R$4))/($L57-$K57+1)) -> 0
B58: 9.1.2 | C58: =IFERROR(INDEX(WBS!$F$5:$F$44,MATCH($B58,WBS!$B$5:$B$44,0)),"") -> Q | D58: Thuê bao 4 nhà hàng từ ngày go-live | E58: Phần mềm, dịch vụ | G58: 8 | H58: nhà hàng-tháng | I58: 3 | J58: =G58*I58 -> 24 | K58: 19 | L58: 26 | M58: =IF($J58=0,0,$J58*SUMPRODUCT(('Cost baseline'!$C$4:$AB$4>=$K58)*('Cost baseline'!$C$4:$AB$4<=$L58)*('Cost baseline'!$C$5:$AB$5=M$4))/($L58-$K58+1)) -> 0 | N58: =IF($J58=0,0,$J58*SUMPRODUCT(('Cost baseline'!$C$4:$AB$4>=$K58)*('Cost baseline'!$C$4:$AB$4<=$L58)*('Cost baseline'!$C$5:$AB$5=N$4))/($L58-$K58+1)) -> 0 | O58: =IF($J58=0,0,$J58*SUMPRODUCT(('Cost baseline'!$C$4:$AB$4>=$K58)*('Cost baseline'!$C$4:$AB$4<=$L58)*('Cost baseline'!$C$5:$AB$5=O$4))/($L58-$K58+1)) -> 0 | P58: =IF($J58=0,0,$J58*SUMPRODUCT(('Cost baseline'!$C$4:$AB$4>=$K58)*('Cost baseline'!$C$4:$AB$4<=$L58)*('Cost baseline'!$C$5:$AB$5=P$4))/($L58-$K58+1)) -> 0 | Q58: =IF($J58=0,0,$J58*SUMPRODUCT(('Cost baseline'!$C$4:$AB$4>=$K58)*('Cost baseline'!$C$4:$AB$4<=$L58)*('Cost baseline'!$C$5:$AB$5=Q$4))/($L58-$K58+1)) -> 12 | R58: =IF($J58=0,0,$J58*SUMPRODUCT(('Cost baseline'!$C$4:$AB$4>=$K58)*('Cost baseline'!$C$4:$AB$4<=$L58)*('Cost baseline'!$C$5:$AB$5=R$4))/($L58-$K58+1)) -> 12
B59: 9.2 | C59: =IFERROR(INDEX(WBS!$F$5:$F$44,MATCH($B59,WBS!$B$5:$B$44,0)),"") -> R | D59: Tư vấn hỗ trợ 3 tuần | E59: Nhân sự | F59: TV | G59: 10 | H59: ngày công | I59: =INDEX('Nguồn lực'!$D$5:$D$8,MATCH($F59,'Nguồn lực'!$B$5:$B$8,0)) -> 2 | J59: =G59*I59 -> 20 | K59: =INDEX('Hoạt động, lịch'!$L$5:$L$26,MATCH($C59,'Hoạt động, lịch'!$B$5:$B$26,0))+1 -> 23 | L59: =INDEX('Hoạt động, lịch'!$M$5:$M$26,MATCH($C59,'Hoạt động, lịch'!$B$5:$B$26,0)) -> 25 | M59: =IF($J59=0,0,$J59*SUMPRODUCT(('Cost baseline'!$C$4:$AB$4>=$K59)*('Cost baseline'!$C$4:$AB$4<=$L59)*('Cost baseline'!$C$5:$AB$5=M$4))/($L59-$K59+1)) -> 0 | N59: =IF($J59=0,0,$J59*SUMPRODUCT(('Cost baseline'!$C$4:$AB$4>=$K59)*('Cost baseline'!$C$4:$AB$4<=$L59)*('Cost baseline'!$C$5:$AB$5=N$4))/($L59-$K59+1)) -> 0 | O59: =IF($J59=0,0,$J59*SUMPRODUCT(('Cost baseline'!$C$4:$AB$4>=$K59)*('Cost baseline'!$C$4:$AB$4<=$L59)*('Cost baseline'!$C$5:$AB$5=O$4))/($L59-$K59+1)) -> 0 | P59: =IF($J59=0,0,$J59*SUMPRODUCT(('Cost baseline'!$C$4:$AB$4>=$K59)*('Cost baseline'!$C$4:$AB$4<=$L59)*('Cost baseline'!$C$5:$AB$5=P$4))/($L59-$K59+1)) -> 0 | Q59: =IF($J59=0,0,$J59*SUMPRODUCT(('Cost baseline'!$C$4:$AB$4>=$K59)*('Cost baseline'!$C$4:$AB$4<=$L59)*('Cost baseline'!$C$5:$AB$5=Q$4))/($L59-$K59+1)) -> 0 | R59: =IF($J59=0,0,$J59*SUMPRODUCT(('Cost baseline'!$C$4:$AB$4>=$K59)*('Cost baseline'!$C$4:$AB$4<=$L59)*('Cost baseline'!$C$5:$AB$5=R$4))/($L59-$K59+1)) -> 20
B60: 10.1 | C60: =IFERROR(INDEX(WBS!$F$5:$F$44,MATCH($B60,WBS!$B$5:$B$44,0)),"") -> S | D60: Bàn giao kỹ thuật | E60: Nhân sự | F60: TV | G60: 1 | H60: ngày công | I60: =INDEX('Nguồn lực'!$D$5:$D$8,MATCH($F60,'Nguồn lực'!$B$5:$B$8,0)) -> 2 | J60: =G60*I60 -> 2 | K60: =INDEX('Hoạt động, lịch'!$L$5:$L$26,MATCH($C60,'Hoạt động, lịch'!$B$5:$B$26,0))+1 -> 26 | L60: =INDEX('Hoạt động, lịch'!$M$5:$M$26,MATCH($C60,'Hoạt động, lịch'!$B$5:$B$26,0)) -> 26 | M60: =IF($J60=0,0,$J60*SUMPRODUCT(('Cost baseline'!$C$4:$AB$4>=$K60)*('Cost baseline'!$C$4:$AB$4<=$L60)*('Cost baseline'!$C$5:$AB$5=M$4))/($L60-$K60+1)) -> 0 | N60: =IF($J60=0,0,$J60*SUMPRODUCT(('Cost baseline'!$C$4:$AB$4>=$K60)*('Cost baseline'!$C$4:$AB$4<=$L60)*('Cost baseline'!$C$5:$AB$5=N$4))/($L60-$K60+1)) -> 0 | O60: =IF($J60=0,0,$J60*SUMPRODUCT(('Cost baseline'!$C$4:$AB$4>=$K60)*('Cost baseline'!$C$4:$AB$4<=$L60)*('Cost baseline'!$C$5:$AB$5=O$4))/($L60-$K60+1)) -> 0 | P60: =IF($J60=0,0,$J60*SUMPRODUCT(('Cost baseline'!$C$4:$AB$4>=$K60)*('Cost baseline'!$C$4:$AB$4<=$L60)*('Cost baseline'!$C$5:$AB$5=P$4))/($L60-$K60+1)) -> 0 | Q60: =IF($J60=0,0,$J60*SUMPRODUCT(('Cost baseline'!$C$4:$AB$4>=$K60)*('Cost baseline'!$C$4:$AB$4<=$L60)*('Cost baseline'!$C$5:$AB$5=Q$4))/($L60-$K60+1)) -> 0 | R60: =IF($J60=0,0,$J60*SUMPRODUCT(('Cost baseline'!$C$4:$AB$4>=$K60)*('Cost baseline'!$C$4:$AB$4<=$L60)*('Cost baseline'!$C$5:$AB$5=R$4))/($L60-$K60+1)) -> 2
B61: 10.1 | C61: =IFERROR(INDEX(WBS!$F$5:$F$44,MATCH($B61,WBS!$B$5:$B$44,0)),"") -> S | D61: PM nghiệm thu | E61: Nhân sự | F61: PM | G61: 5 | H61: ngày công | I61: =INDEX('Nguồn lực'!$D$5:$D$8,MATCH($F61,'Nguồn lực'!$B$5:$B$8,0)) -> 1.5 | J61: =G61*I61 -> 7.5 | K61: =INDEX('Hoạt động, lịch'!$L$5:$L$26,MATCH($C61,'Hoạt động, lịch'!$B$5:$B$26,0))+1 -> 26 | L61: =INDEX('Hoạt động, lịch'!$M$5:$M$26,MATCH($C61,'Hoạt động, lịch'!$B$5:$B$26,0)) -> 26 | M61: =IF($J61=0,0,$J61*SUMPRODUCT(('Cost baseline'!$C$4:$AB$4>=$K61)*('Cost baseline'!$C$4:$AB$4<=$L61)*('Cost baseline'!$C$5:$AB$5=M$4))/($L61-$K61+1)) -> 0 | N61: =IF($J61=0,0,$J61*SUMPRODUCT(('Cost baseline'!$C$4:$AB$4>=$K61)*('Cost baseline'!$C$4:$AB$4<=$L61)*('Cost baseline'!$C$5:$AB$5=N$4))/($L61-$K61+1)) -> 0 | O61: =IF($J61=0,0,$J61*SUMPRODUCT(('Cost baseline'!$C$4:$AB$4>=$K61)*('Cost baseline'!$C$4:$AB$4<=$L61)*('Cost baseline'!$C$5:$AB$5=O$4))/($L61-$K61+1)) -> 0 | P61: =IF($J61=0,0,$J61*SUMPRODUCT(('Cost baseline'!$C$4:$AB$4>=$K61)*('Cost baseline'!$C$4:$AB$4<=$L61)*('Cost baseline'!$C$5:$AB$5=P$4))/($L61-$K61+1)) -> 0 | Q61: =IF($J61=0,0,$J61*SUMPRODUCT(('Cost baseline'!$C$4:$AB$4>=$K61)*('Cost baseline'!$C$4:$AB$4<=$L61)*('Cost baseline'!$C$5:$AB$5=Q$4))/($L61-$K61+1)) -> 0 | R61: =IF($J61=0,0,$J61*SUMPRODUCT(('Cost baseline'!$C$4:$AB$4>=$K61)*('Cost baseline'!$C$4:$AB$4<=$L61)*('Cost baseline'!$C$5:$AB$5=R$4))/($L61-$K61+1)) -> 7.5
B62: 10.1 | C62: =IFERROR(INDEX(WBS!$F$5:$F$44,MATCH($B62,WBS!$B$5:$B$44,0)),"") -> S | D62: IT nhận bàn giao | E62: Nhân sự | F62: NB | G62: 3 | H62: ngày công | I62: =INDEX('Nguồn lực'!$D$5:$D$8,MATCH($F62,'Nguồn lực'!$B$5:$B$8,0)) -> 1 | J62: =G62*I62 -> 3 | K62: =INDEX('Hoạt động, lịch'!$L$5:$L$26,MATCH($C62,'Hoạt động, lịch'!$B$5:$B$26,0))+1 -> 26 | L62: =INDEX('Hoạt động, lịch'!$M$5:$M$26,MATCH($C62,'Hoạt động, lịch'!$B$5:$B$26,0)) -> 26 | M62: =IF($J62=0,0,$J62*SUMPRODUCT(('Cost baseline'!$C$4:$AB$4>=$K62)*('Cost baseline'!$C$4:$AB$4<=$L62)*('Cost baseline'!$C$5:$AB$5=M$4))/($L62-$K62+1)) -> 0 | N62: =IF($J62=0,0,$J62*SUMPRODUCT(('Cost baseline'!$C$4:$AB$4>=$K62)*('Cost baseline'!$C$4:$AB$4<=$L62)*('Cost baseline'!$C$5:$AB$5=N$4))/($L62-$K62+1)) -> 0 | O62: =IF($J62=0,0,$J62*SUMPRODUCT(('Cost baseline'!$C$4:$AB$4>=$K62)*('Cost baseline'!$C$4:$AB$4<=$L62)*('Cost baseline'!$C$5:$AB$5=O$4))/($L62-$K62+1)) -> 0 | P62: =IF($J62=0,0,$J62*SUMPRODUCT(('Cost baseline'!$C$4:$AB$4>=$K62)*('Cost baseline'!$C$4:$AB$4<=$L62)*('Cost baseline'!$C$5:$AB$5=P$4))/($L62-$K62+1)) -> 0 | Q62: =IF($J62=0,0,$J62*SUMPRODUCT(('Cost baseline'!$C$4:$AB$4>=$K62)*('Cost baseline'!$C$4:$AB$4<=$L62)*('Cost baseline'!$C$5:$AB$5=Q$4))/($L62-$K62+1)) -> 0 | R62: =IF($J62=0,0,$J62*SUMPRODUCT(('Cost baseline'!$C$4:$AB$4>=$K62)*('Cost baseline'!$C$4:$AB$4<=$L62)*('Cost baseline'!$C$5:$AB$5=R$4))/($L62-$K62+1)) -> 3
B63: 10.2 | C63: =IFERROR(INDEX(WBS!$F$5:$F$44,MATCH($B63,WBS!$B$5:$B$44,0)),"") -> T | D63: PM tổng kết | E63: Nhân sự | F63: PM | G63: 3 | H63: ngày công | I63: =INDEX('Nguồn lực'!$D$5:$D$8,MATCH($F63,'Nguồn lực'!$B$5:$B$8,0)) -> 1.5 | J63: =G63*I63 -> 4.5 | K63: =INDEX('Hoạt động, lịch'!$L$5:$L$26,MATCH($C63,'Hoạt động, lịch'!$B$5:$B$26,0))+1 -> 26 | L63: =INDEX('Hoạt động, lịch'!$M$5:$M$26,MATCH($C63,'Hoạt động, lịch'!$B$5:$B$26,0)) -> 26 | M63: =IF($J63=0,0,$J63*SUMPRODUCT(('Cost baseline'!$C$4:$AB$4>=$K63)*('Cost baseline'!$C$4:$AB$4<=$L63)*('Cost baseline'!$C$5:$AB$5=M$4))/($L63-$K63+1)) -> 0 | N63: =IF($J63=0,0,$J63*SUMPRODUCT(('Cost baseline'!$C$4:$AB$4>=$K63)*('Cost baseline'!$C$4:$AB$4<=$L63)*('Cost baseline'!$C$5:$AB$5=N$4))/($L63-$K63+1)) -> 0 | O63: =IF($J63=0,0,$J63*SUMPRODUCT(('Cost baseline'!$C$4:$AB$4>=$K63)*('Cost baseline'!$C$4:$AB$4<=$L63)*('Cost baseline'!$C$5:$AB$5=O$4))/($L63-$K63+1)) -> 0 | P63: =IF($J63=0,0,$J63*SUMPRODUCT(('Cost baseline'!$C$4:$AB$4>=$K63)*('Cost baseline'!$C$4:$AB$4<=$L63)*('Cost baseline'!$C$5:$AB$5=P$4))/($L63-$K63+1)) -> 0 | Q63: =IF($J63=0,0,$J63*SUMPRODUCT(('Cost baseline'!$C$4:$AB$4>=$K63)*('Cost baseline'!$C$4:$AB$4<=$L63)*('Cost baseline'!$C$5:$AB$5=Q$4))/($L63-$K63+1)) -> 0 | R63: =IF($J63=0,0,$J63*SUMPRODUCT(('Cost baseline'!$C$4:$AB$4>=$K63)*('Cost baseline'!$C$4:$AB$4<=$L63)*('Cost baseline'!$C$5:$AB$5=R$4))/($L63-$K63+1)) -> 4.5
B64: 10.2 | C64: =IFERROR(INDEX(WBS!$F$5:$F$44,MATCH($B64,WBS!$B$5:$B$44,0)),"") -> T | D64: Lê Anh thanh lý hợp đồng | E64: Nhân sự | F64: NB | G64: 2 | H64: ngày công | I64: =INDEX('Nguồn lực'!$D$5:$D$8,MATCH($F64,'Nguồn lực'!$B$5:$B$8,0)) -> 1 | J64: =G64*I64 -> 2 | K64: =INDEX('Hoạt động, lịch'!$L$5:$L$26,MATCH($C64,'Hoạt động, lịch'!$B$5:$B$26,0))+1 -> 26 | L64: =INDEX('Hoạt động, lịch'!$M$5:$M$26,MATCH($C64,'Hoạt động, lịch'!$B$5:$B$26,0)) -> 26 | M64: =IF($J64=0,0,$J64*SUMPRODUCT(('Cost baseline'!$C$4:$AB$4>=$K64)*('Cost baseline'!$C$4:$AB$4<=$L64)*('Cost baseline'!$C$5:$AB$5=M$4))/($L64-$K64+1)) -> 0 | N64: =IF($J64=0,0,$J64*SUMPRODUCT(('Cost baseline'!$C$4:$AB$4>=$K64)*('Cost baseline'!$C$4:$AB$4<=$L64)*('Cost baseline'!$C$5:$AB$5=N$4))/($L64-$K64+1)) -> 0 | O64: =IF($J64=0,0,$J64*SUMPRODUCT(('Cost baseline'!$C$4:$AB$4>=$K64)*('Cost baseline'!$C$4:$AB$4<=$L64)*('Cost baseline'!$C$5:$AB$5=O$4))/($L64-$K64+1)) -> 0 | P64: =IF($J64=0,0,$J64*SUMPRODUCT(('Cost baseline'!$C$4:$AB$4>=$K64)*('Cost baseline'!$C$4:$AB$4<=$L64)*('Cost baseline'!$C$5:$AB$5=P$4))/($L64-$K64+1)) -> 0 | Q64: =IF($J64=0,0,$J64*SUMPRODUCT(('Cost baseline'!$C$4:$AB$4>=$K64)*('Cost baseline'!$C$4:$AB$4<=$L64)*('Cost baseline'!$C$5:$AB$5=Q$4))/($L64-$K64+1)) -> 0 | R64: =IF($J64=0,0,$J64*SUMPRODUCT(('Cost baseline'!$C$4:$AB$4>=$K64)*('Cost baseline'!$C$4:$AB$4<=$L64)*('Cost baseline'!$C$5:$AB$5=R$4))/($L64-$K64+1)) -> 2
B65: — | D65: Văn phòng, điện, thiết bị dùng chung Ban QLDA | E65: Gián tiếp | G65: 6 | H65: tháng | I65: 5 | J65: =G65*I65 -> 30 | K65: 1 | L65: 26 | M65: =IF($J65=0,0,$J65*SUMPRODUCT(('Cost baseline'!$C$4:$AB$4>=$K65)*('Cost baseline'!$C$4:$AB$4<=$L65)*('Cost baseline'!$C$5:$AB$5=M$4))/($L65-$K65+1)) -> 5.7692308 | N65: =IF($J65=0,0,$J65*SUMPRODUCT(('Cost baseline'!$C$4:$AB$4>=$K65)*('Cost baseline'!$C$4:$AB$4<=$L65)*('Cost baseline'!$C$5:$AB$5=N$4))/($L65-$K65+1)) -> 4.6153846 | O65: =IF($J65=0,0,$J65*SUMPRODUCT(('Cost baseline'!$C$4:$AB$4>=$K65)*('Cost baseline'!$C$4:$AB$4<=$L65)*('Cost baseline'!$C$5:$AB$5=O$4))/($L65-$K65+1)) -> 4.6153846 | P65: =IF($J65=0,0,$J65*SUMPRODUCT(('Cost baseline'!$C$4:$AB$4>=$K65)*('Cost baseline'!$C$4:$AB$4<=$L65)*('Cost baseline'!$C$5:$AB$5=P$4))/($L65-$K65+1)) -> 5.7692308 | Q65: =IF($J65=0,0,$J65*SUMPRODUCT(('Cost baseline'!$C$4:$AB$4>=$K65)*('Cost baseline'!$C$4:$AB$4<=$L65)*('Cost baseline'!$C$5:$AB$5=Q$4))/($L65-$K65+1)) -> 4.6153846 | R65: =IF($J65=0,0,$J65*SUMPRODUCT(('Cost baseline'!$C$4:$AB$4>=$K65)*('Cost baseline'!$C$4:$AB$4<=$L65)*('Cost baseline'!$C$5:$AB$5=R$4))/($L65-$K65+1)) -> 4.6153846
B66: — | D66: Đi lại giữa 5 nhà hàng | E66: Gián tiếp | G66: 6 | H66: tháng | I66: 2 | J66: =G66*I66 -> 12 | K66: 1 | L66: 26 | M66: =IF($J66=0,0,$J66*SUMPRODUCT(('Cost baseline'!$C$4:$AB$4>=$K66)*('Cost baseline'!$C$4:$AB$4<=$L66)*('Cost baseline'!$C$5:$AB$5=M$4))/($L66-$K66+1)) -> 2.3076923 | N66: =IF($J66=0,0,$J66*SUMPRODUCT(('Cost baseline'!$C$4:$AB$4>=$K66)*('Cost baseline'!$C$4:$AB$4<=$L66)*('Cost baseline'!$C$5:$AB$5=N$4))/($L66-$K66+1)) -> 1.8461538 | O66: =IF($J66=0,0,$J66*SUMPRODUCT(('Cost baseline'!$C$4:$AB$4>=$K66)*('Cost baseline'!$C$4:$AB$4<=$L66)*('Cost baseline'!$C$5:$AB$5=O$4))/($L66-$K66+1)) -> 1.8461538 | P66: =IF($J66=0,0,$J66*SUMPRODUCT(('Cost baseline'!$C$4:$AB$4>=$K66)*('Cost baseline'!$C$4:$AB$4<=$L66)*('Cost baseline'!$C$5:$AB$5=P$4))/($L66-$K66+1)) -> 2.3076923 | Q66: =IF($J66=0,0,$J66*SUMPRODUCT(('Cost baseline'!$C$4:$AB$4>=$K66)*('Cost baseline'!$C$4:$AB$4<=$L66)*('Cost baseline'!$C$5:$AB$5=Q$4))/($L66-$K66+1)) -> 1.8461538 | R66: =IF($J66=0,0,$J66*SUMPRODUCT(('Cost baseline'!$C$4:$AB$4>=$K66)*('Cost baseline'!$C$4:$AB$4<=$L66)*('Cost baseline'!$C$5:$AB$5=R$4))/($L66-$K66+1)) -> 1.8461538
B67: — | D67: Công cụ QLDA, văn phòng phẩm, họp CCB | E67: Gián tiếp | G67: 6 | H67: tháng | I67: 1.5 | J67: =G67*I67 -> 9 | K67: 1 | L67: 26 | M67: =IF($J67=0,0,$J67*SUMPRODUCT(('Cost baseline'!$C$4:$AB$4>=$K67)*('Cost baseline'!$C$4:$AB$4<=$L67)*('Cost baseline'!$C$5:$AB$5=M$4))/($L67-$K67+1)) -> 1.7307692 | N67: =IF($J67=0,0,$J67*SUMPRODUCT(('Cost baseline'!$C$4:$AB$4>=$K67)*('Cost baseline'!$C$4:$AB$4<=$L67)*('Cost baseline'!$C$5:$AB$5=N$4))/($L67-$K67+1)) -> 1.3846154 | O67: =IF($J67=0,0,$J67*SUMPRODUCT(('Cost baseline'!$C$4:$AB$4>=$K67)*('Cost baseline'!$C$4:$AB$4<=$L67)*('Cost baseline'!$C$5:$AB$5=O$4))/($L67-$K67+1)) -> 1.3846154 | P67: =IF($J67=0,0,$J67*SUMPRODUCT(('Cost baseline'!$C$4:$AB$4>=$K67)*('Cost baseline'!$C$4:$AB$4<=$L67)*('Cost baseline'!$C$5:$AB$5=P$4))/($L67-$K67+1)) -> 1.7307692 | Q67: =IF($J67=0,0,$J67*SUMPRODUCT(('Cost baseline'!$C$4:$AB$4>=$K67)*('Cost baseline'!$C$4:$AB$4<=$L67)*('Cost baseline'!$C$5:$AB$5=Q$4))/($L67-$K67+1)) -> 1.3846154 | R67: =IF($J67=0,0,$J67*SUMPRODUCT(('Cost baseline'!$C$4:$AB$4>=$K67)*('Cost baseline'!$C$4:$AB$4<=$L67)*('Cost baseline'!$C$5:$AB$5=R$4))/($L67-$K67+1)) -> 1.3846154
B68: — | D68: Tư vấn pháp lý, thẩm định hợp đồng | E68: Gián tiếp | G68: 1 | H68: gói | I68: 9 | J68: =G68*I68 -> 9 | K68: 1 | L68: 4 | M68: =IF($J68=0,0,$J68*SUMPRODUCT(('Cost baseline'!$C$4:$AB$4>=$K68)*('Cost baseline'!$C$4:$AB$4<=$L68)*('Cost baseline'!$C$5:$AB$5=M$4))/($L68-$K68+1)) -> 9 | N68: =IF($J68=0,0,$J68*SUMPRODUCT(('Cost baseline'!$C$4:$AB$4>=$K68)*('Cost baseline'!$C$4:$AB$4<=$L68)*('Cost baseline'!$C$5:$AB$5=N$4))/($L68-$K68+1)) -> 0 | O68: =IF($J68=0,0,$J68*SUMPRODUCT(('Cost baseline'!$C$4:$AB$4>=$K68)*('Cost baseline'!$C$4:$AB$4<=$L68)*('Cost baseline'!$C$5:$AB$5=O$4))/($L68-$K68+1)) -> 0 | P68: =IF($J68=0,0,$J68*SUMPRODUCT(('Cost baseline'!$C$4:$AB$4>=$K68)*('Cost baseline'!$C$4:$AB$4<=$L68)*('Cost baseline'!$C$5:$AB$5=P$4))/($L68-$K68+1)) -> 0 | Q68: =IF($J68=0,0,$J68*SUMPRODUCT(('Cost baseline'!$C$4:$AB$4>=$K68)*('Cost baseline'!$C$4:$AB$4<=$L68)*('Cost baseline'!$C$5:$AB$5=Q$4))/($L68-$K68+1)) -> 0 | R68: =IF($J68=0,0,$J68*SUMPRODUCT(('Cost baseline'!$C$4:$AB$4>=$K68)*('Cost baseline'!$C$4:$AB$4<=$L68)*('Cost baseline'!$C$5:$AB$5=R$4))/($L68-$K68+1)) -> 0
D70: Nhân sự | J70: =SUMIF($E$5:$E$68,$D70,$J$5:$J$68) -> 640 | M70: =SUMIF($E$5:$E$68,$D70,M$5:M$68) -> 91.647436 | N70: =SUMIF($E$5:$E$68,$D70,N$5:N$68) -> 141.71795 | O70: =SUMIF($E$5:$E$68,$D70,O$5:O$68) -> 193.61795 | P70: =SUMIF($E$5:$E$68,$D70,P$5:P$68) -> 130.58077 | Q70: =SUMIF($E$5:$E$68,$D70,Q$5:Q$68) -> 35.051282 | R70: =SUMIF($E$5:$E$68,$D70,R$5:R$68) -> 47.384615
D71: Thiết bị | J71: =SUMIF($E$5:$E$68,$D71,$J$5:$J$68) -> 480 | M71: =SUMIF($E$5:$E$68,$D71,M$5:M$68) -> 0 | N71: =SUMIF($E$5:$E$68,$D71,N$5:N$68) -> 28 | O71: =SUMIF($E$5:$E$68,$D71,O$5:O$68) -> 157.6 | P71: =SUMIF($E$5:$E$68,$D71,P$5:P$68) -> 294.4 | Q71: =SUMIF($E$5:$E$68,$D71,Q$5:Q$68) -> 0 | R71: =SUMIF($E$5:$E$68,$D71,R$5:R$68) -> 0
D72: Phần mềm, dịch vụ | J72: =SUMIF($E$5:$E$68,$D72,$J$5:$J$68) -> 140 | M72: =SUMIF($E$5:$E$68,$D72,M$5:M$68) -> 0 | N72: =SUMIF($E$5:$E$68,$D72,N$5:N$68) -> 19.55 | O72: =SUMIF($E$5:$E$68,$D72,O$5:O$68) -> 75.2 | P72: =SUMIF($E$5:$E$68,$D72,P$5:P$68) -> 14.05 | Q72: =SUMIF($E$5:$E$68,$D72,Q$5:Q$68) -> 15.6 | R72: =SUMIF($E$5:$E$68,$D72,R$5:R$68) -> 15.6
D73: Đào tạo | J73: =SUMIF($E$5:$E$68,$D73,$J$5:$J$68) -> 40 | M73: =SUMIF($E$5:$E$68,$D73,M$5:M$68) -> 0 | N73: =SUMIF($E$5:$E$68,$D73,N$5:N$68) -> 0 | O73: =SUMIF($E$5:$E$68,$D73,O$5:O$68) -> 12 | P73: =SUMIF($E$5:$E$68,$D73,P$5:P$68) -> 20.666667 | Q73: =SUMIF($E$5:$E$68,$D73,Q$5:Q$68) -> 7.3333333 | R73: =SUMIF($E$5:$E$68,$D73,R$5:R$68) -> 0
D74: Gián tiếp | J74: =SUMIF($E$5:$E$68,$D74,$J$5:$J$68) -> 60 | M74: =SUMIF($E$5:$E$68,$D74,M$5:M$68) -> 18.807692 | N74: =SUMIF($E$5:$E$68,$D74,N$5:N$68) -> 7.8461538 | O74: =SUMIF($E$5:$E$68,$D74,O$5:O$68) -> 7.8461538 | P74: =SUMIF($E$5:$E$68,$D74,P$5:P$68) -> 9.8076923 | Q74: =SUMIF($E$5:$E$68,$D74,Q$5:Q$68) -> 7.8461538 | R74: =SUMIF($E$5:$E$68,$D74,R$5:R$68) -> 7.8461538
D75: Chi phí trực tiếp (nhân sự, thiết bị, phần mềm – dịch vụ, đào tạo) | J75: =SUM(J70:J73) -> 1300
D76: Chi phí gián tiếp | J76: =J74 -> 60
D77: Chi phí ước tính = cost baseline (BAC) | J77: =J75+J76 -> 1360 | M77: =SUM(M70:M74) -> 110.45513 | N77: =SUM(N70:N74) -> 197.1141 | O77: =SUM(O70:O74) -> 446.2641 | P77: =SUM(P70:P74) -> 469.50513 | Q77: =SUM(Q70:Q74) -> 65.830769 | R77: =SUM(R70:R74) -> 70.830769
D78: Dự phòng rủi ro (bảng dưới) | J78: =SUM(J84:J89) -> 140
D79: Ngân sách dự án = BAC + dự phòng | J79: =J77+J78 -> 1500
D80: Đối chiếu Charter (1.500 triệu đồng) | J80: =IF(ABS(J79-1500)<0.001,"Khớp","Lệch "&TEXT(J79-1500,"0.0")) -> Khớp
D83: Dự phòng rủi ro (contingency reserve) – rủi ro đã nhận diện (Assumptions của Charter)
D84: Cấu hình chuẩn đáp ứng < 80% yêu cầu (Assumptions): thêm 1 vòng tùy biến, 2 tư vấn × 10 ngày | J84: 40
D85: Bên thứ ba cấp API chậm (F, PERT p = 11 tuần): thêm 15 ngày tư vấn | J85: 30
D86: Giá thiết bị tăng ≤ 5%: 5% × 480 | J86: 24
D87: Đường truyền chưa đạt 100 Mbps: nâng cấp 2 nhà hàng × 10 | J87: 20
D88: Kéo dài hỗ trợ sau go-live 1 tuần: 2 tư vấn × 5 ngày | J88: 20
D89: Đào tạo lại nhân viên chưa đạt (≤ 10%) | J89: 6
B92: Tổng hợp theo work package (phụ lục chi phí của báo cáo)
B93: WBS | C93: HĐ | D93: WORK PACKAGE | E93: NGÀY CÔNG | F93: NHÂN SỰ | G93: THIẾT BỊ | H93: PHẦN MỀM, DỊCH VỤ | I93: ĐÀO TẠO | J93: TỔNG
B94: 1.1.1 | C94: =IFERROR(INDEX(WBS!$F$5:$F$44,MATCH($B94,WBS!$B$5:$B$44,0)),"") -> – | D94: =INDEX(WBS!$C$5:$C$44,MATCH($B94,WBS!$B$5:$B$44,0)) -> Charter, kick-off | E94: =SUMIFS($G$5:$G$68,$B$5:$B$68,$B94,$E$5:$E$68,"Nhân sự") -> 6 | F94: =SUMIFS($J$5:$J$68,$B$5:$B$68,$B94,$E$5:$E$68,"Nhân sự") -> 7 | G94: =SUMIFS($J$5:$J$68,$B$5:$B$68,$B94,$E$5:$E$68,"Thiết bị") -> 0 | H94: =SUMIFS($J$5:$J$68,$B$5:$B$68,$B94,$E$5:$E$68,"Phần mềm, dịch vụ") -> 0 | I94: =SUMIFS($J$5:$J$68,$B$5:$B$68,$B94,$E$5:$E$68,"Đào tạo") -> 0 | J94: =SUM(F94:I94) -> 7
B95: 1.1.2 | C95: =IFERROR(INDEX(WBS!$F$5:$F$44,MATCH($B95,WBS!$B$5:$B$44,0)),"") -> – | D95: =INDEX(WBS!$C$5:$C$44,MATCH($B95,WBS!$B$5:$B$44,0)) -> Kế hoạch dự án | E95: =SUMIFS($G$5:$G$68,$B$5:$B$68,$B95,$E$5:$E$68,"Nhân sự") -> 18 | F95: =SUMIFS($J$5:$J$68,$B$5:$B$68,$B95,$E$5:$E$68,"Nhân sự") -> 22 | G95: =SUMIFS($J$5:$J$68,$B$5:$B$68,$B95,$E$5:$E$68,"Thiết bị") -> 0 | H95: =SUMIFS($J$5:$J$68,$B$5:$B$68,$B95,$E$5:$E$68,"Phần mềm, dịch vụ") -> 0 | I95: =SUMIFS($J$5:$J$68,$B$5:$B$68,$B95,$E$5:$E$68,"Đào tạo") -> 0 | J95: =SUM(F95:I95) -> 22
B96: 1.1.3 | C96: =IFERROR(INDEX(WBS!$F$5:$F$44,MATCH($B96,WBS!$B$5:$B$44,0)),"") -> – | D96: =INDEX(WBS!$C$5:$C$44,MATCH($B96,WBS!$B$5:$B$44,0)) -> Hợp đồng đối tác | E96: =SUMIFS($G$5:$G$68,$B$5:$B$68,$B96,$E$5:$E$68,"Nhân sự") -> 9 | F96: =SUMIFS($J$5:$J$68,$B$5:$B$68,$B96,$E$5:$E$68,"Nhân sự") -> 10.5 | G96: =SUMIFS($J$5:$J$68,$B$5:$B$68,$B96,$E$5:$E$68,"Thiết bị") -> 0 | H96: =SUMIFS($J$5:$J$68,$B$5:$B$68,$B96,$E$5:$E$68,"Phần mềm, dịch vụ") -> 0 | I96: =SUMIFS($J$5:$J$68,$B$5:$B$68,$B96,$E$5:$E$68,"Đào tạo") -> 0 | J96: =SUM(F96:I96) -> 10.5
B97: 1.2.1 | C97: =IFERROR(INDEX(WBS!$F$5:$F$44,MATCH($B97,WBS!$B$5:$B$44,0)),"") -> – | D97: =INDEX(WBS!$C$5:$C$44,MATCH($B97,WBS!$B$5:$B$44,0)) -> Báo cáo, EVM | E97: =SUMIFS($G$5:$G$68,$B$5:$B$68,$B97,$E$5:$E$68,"Nhân sự") -> 26 | F97: =SUMIFS($J$5:$J$68,$B$5:$B$68,$B97,$E$5:$E$68,"Nhân sự") -> 32.5 | G97: =SUMIFS($J$5:$J$68,$B$5:$B$68,$B97,$E$5:$E$68,"Thiết bị") -> 0 | H97: =SUMIFS($J$5:$J$68,$B$5:$B$68,$B97,$E$5:$E$68,"Phần mềm, dịch vụ") -> 0 | I97: =SUMIFS($J$5:$J$68,$B$5:$B$68,$B97,$E$5:$E$68,"Đào tạo") -> 0 | J97: =SUM(F97:I97) -> 32.5
B98: 1.2.2 | C98: =IFERROR(INDEX(WBS!$F$5:$F$44,MATCH($B98,WBS!$B$5:$B$44,0)),"") -> – | D98: =INDEX(WBS!$C$5:$C$44,MATCH($B98,WBS!$B$5:$B$44,0)) -> Thay đổi, rủi ro | E98: =SUMIFS($G$5:$G$68,$B$5:$B$68,$B98,$E$5:$E$68,"Nhân sự") -> 19 | F98: =SUMIFS($J$5:$J$68,$B$5:$B$68,$B98,$E$5:$E$68,"Nhân sự") -> 22 | G98: =SUMIFS($J$5:$J$68,$B$5:$B$68,$B98,$E$5:$E$68,"Thiết bị") -> 0 | H98: =SUMIFS($J$5:$J$68,$B$5:$B$68,$B98,$E$5:$E$68,"Phần mềm, dịch vụ") -> 0 | I98: =SUMIFS($J$5:$J$68,$B$5:$B$68,$B98,$E$5:$E$68,"Đào tạo") -> 0 | J98: =SUM(F98:I98) -> 22
B99: 2.1 | C99: =IFERROR(INDEX(WBS!$F$5:$F$44,MATCH($B99,WBS!$B$5:$B$44,0)),"") -> A | D99: =INDEX(WBS!$C$5:$C$44,MATCH($B99,WBS!$B$5:$B$44,0)) -> Khảo sát hiện trạng | E99: =SUMIFS($G$5:$G$68,$B$5:$B$68,$B99,$E$5:$E$68,"Nhân sự") -> 20 | F99: =SUMIFS($J$5:$J$68,$B$5:$B$68,$B99,$E$5:$E$68,"Nhân sự") -> 25 | G99: =SUMIFS($J$5:$J$68,$B$5:$B$68,$B99,$E$5:$E$68,"Thiết bị") -> 0 | H99: =SUMIFS($J$5:$J$68,$B$5:$B$68,$B99,$E$5:$E$68,"Phần mềm, dịch vụ") -> 0 | I99: =SUMIFS($J$5:$J$68,$B$5:$B$68,$B99,$E$5:$E$68,"Đào tạo") -> 0 | J99: =SUM(F99:I99) -> 25
B100: 2.2 | C100: =IFERROR(INDEX(WBS!$F$5:$F$44,MATCH($B100,WBS!$B$5:$B$44,0)),"") -> B | D100: =INDEX(WBS!$C$5:$C$44,MATCH($B100,WBS!$B$5:$B$44,0)) -> Đặc tả yêu cầu (SRS) | E100: =SUMIFS($G$5:$G$68,$B$5:$B$68,$B100,$E$5:$E$68,"Nhân sự") -> 23 | F100: =SUMIFS($J$5:$J$68,$B$5:$B$68,$B100,$E$5:$E$68,"Nhân sự") -> 30.5 | G100: =SUMIFS($J$5:$J$68,$B$5:$B$68,$B100,$E$5:$E$68,"Thiết bị") -> 0 | H100: =SUMIFS($J$5:$J$68,$B$5:$B$68,$B100,$E$5:$E$68,"Phần mềm, dịch vụ") -> 0 | I100: =SUMIFS($J$5:$J$68,$B$5:$B$68,$B100,$E$5:$E$68,"Đào tạo") -> 0 | J100: =SUM(F100:I100) -> 30.5
B101: 3.1 | C101: =IFERROR(INDEX(WBS!$F$5:$F$44,MATCH($B101,WBS!$B$5:$B$44,0)),"") -> C | D101: =INDEX(WBS!$C$5:$C$44,MATCH($B101,WBS!$B$5:$B$44,0)) -> Quy trình, cấu hình | E101: =SUMIFS($G$5:$G$68,$B$5:$B$68,$B101,$E$5:$E$68,"Nhân sự") -> 25 | F101: =SUMIFS($J$5:$J$68,$B$5:$B$68,$B101,$E$5:$E$68,"Nhân sự") -> 47.5 | G101: =SUMIFS($J$5:$J$68,$B$5:$B$68,$B101,$E$5:$E$68,"Thiết bị") -> 0 | H101: =SUMIFS($J$5:$J$68,$B$5:$B$68,$B101,$E$5:$E$68,"Phần mềm, dịch vụ") -> 0 | I101: =SUMIFS($J$5:$J$68,$B$5:$B$68,$B101,$E$5:$E$68,"Đào tạo") -> 0 | J101: =SUM(F101:I101) -> 47.5
B102: 3.2 | C102: =IFERROR(INDEX(WBS!$F$5:$F$44,MATCH($B102,WBS!$B$5:$B$44,0)),"") -> D | D102: =INDEX(WBS!$C$5:$C$44,MATCH($B102,WBS!$B$5:$B$44,0)) -> Kiến trúc tích hợp | E102: =SUMIFS($G$5:$G$68,$B$5:$B$68,$B102,$E$5:$E$68,"Nhân sự") -> 15 | F102: =SUMIFS($J$5:$J$68,$B$5:$B$68,$B102,$E$5:$E$68,"Nhân sự") -> 27.5 | G102: =SUMIFS($J$5:$J$68,$B$5:$B$68,$B102,$E$5:$E$68,"Thiết bị") -> 0 | H102: =SUMIFS($J$5:$J$68,$B$5:$B$68,$B102,$E$5:$E$68,"Phần mềm, dịch vụ") -> 0 | I102: =SUMIFS($J$5:$J$68,$B$5:$B$68,$B102,$E$5:$E$68,"Đào tạo") -> 0 | J102: =SUM(F102:I102) -> 27.5
B103: 4.1 | C103: =IFERROR(INDEX(WBS!$F$5:$F$44,MATCH($B103,WBS!$B$5:$B$44,0)),"") -> E | D103: =INDEX(WBS!$C$5:$C$44,MATCH($B103,WBS!$B$5:$B$44,0)) -> RMS lõi | E103: =SUMIFS($G$5:$G$68,$B$5:$B$68,$B103,$E$5:$E$68,"Nhân sự") -> 60 | F103: =SUMIFS($J$5:$J$68,$B$5:$B$68,$B103,$E$5:$E$68,"Nhân sự") -> 120 | G103: =SUMIFS($J$5:$J$68,$B$5:$B$68,$B103,$E$5:$E$68,"Thiết bị") -> 0 | H103: =SUMIFS($J$5:$J$68,$B$5:$B$68,$B103,$E$5:$E$68,"Phần mềm, dịch vụ") -> 36 | I103: =SUMIFS($J$5:$J$68,$B$5:$B$68,$B103,$E$5:$E$68,"Đào tạo") -> 0 | J103: =SUM(F103:I103) -> 156
B104: 4.2.1 | C104: =IFERROR(INDEX(WBS!$F$5:$F$44,MATCH($B104,WBS!$B$5:$B$44,0)),"") -> F | D104: =INDEX(WBS!$C$5:$C$44,MATCH($B104,WBS!$B$5:$B$44,0)) -> Tích hợp ngoài (P9) | E104: =SUMIFS($G$5:$G$68,$B$5:$B$68,$B104,$E$5:$E$68,"Nhân sự") -> 25 | F104: =SUMIFS($J$5:$J$68,$B$5:$B$68,$B104,$E$5:$E$68,"Nhân sự") -> 50 | G104: =SUMIFS($J$5:$J$68,$B$5:$B$68,$B104,$E$5:$E$68,"Thiết bị") -> 0 | H104: =SUMIFS($J$5:$J$68,$B$5:$B$68,$B104,$E$5:$E$68,"Phần mềm, dịch vụ") -> 54 | I104: =SUMIFS($J$5:$J$68,$B$5:$B$68,$B104,$E$5:$E$68,"Đào tạo") -> 0 | J104: =SUM(F104:I104) -> 104
B105: 4.2.2 | C105: =IFERROR(INDEX(WBS!$F$5:$F$44,MATCH($B105,WBS!$B$5:$B$44,0)),"") -> G | D105: =INDEX(WBS!$C$5:$C$44,MATCH($B105,WBS!$B$5:$B$44,0)) -> Kênh online (P6) | E105: =SUMIFS($G$5:$G$68,$B$5:$B$68,$B105,$E$5:$E$68,"Nhân sự") -> 20 | F105: =SUMIFS($J$5:$J$68,$B$5:$B$68,$B105,$E$5:$E$68,"Nhân sự") -> 40 | G105: =SUMIFS($J$5:$J$68,$B$5:$B$68,$B105,$E$5:$E$68,"Thiết bị") -> 0 | H105: =SUMIFS($J$5:$J$68,$B$5:$B$68,$B105,$E$5:$E$68,"Phần mềm, dịch vụ") -> 12 | I105: =SUMIFS($J$5:$J$68,$B$5:$B$68,$B105,$E$5:$E$68,"Đào tạo") -> 0 | J105: =SUM(F105:I105) -> 52
...

Sheet Cost baseline
B1: Cost baseline theo tháng
B2: BAC = chi phí ước tính, không gồm dự phòng 140 triệu đồng (giữ ngoài baseline, dùng qua CCB) · tuần thuộc tháng chứa ngày thứ Tư · đơn vị triệu đồng
B4: Tuần | C4: 1 | D4: 2 | E4: 3 | F4: 4 | G4: 5 | H4: 6 | I4: 7 | J4: 8 | K4: 9 | L4: 10 | M4: 11 | N4: 12 | O4: 13 | P4: 14 | Q4: 15 | R4: 16 | S4: 17 | T4: 18 | U4: 19 | V4: 20 | W4: 21 | X4: 22 | Y4: 23 | Z4: 24 | AA4: 25 | AB4: 26
B5: Tháng (của ngày thứ Tư) | C5: =MONTH('Hoạt động, lịch'!$D$28+(C4-1)*7+2) -> 3 | D5: =MONTH('Hoạt động, lịch'!$D$28+(D4-1)*7+2) -> 3 | E5: =MONTH('Hoạt động, lịch'!$D$28+(E4-1)*7+2) -> 3 | F5: =MONTH('Hoạt động, lịch'!$D$28+(F4-1)*7+2) -> 3 | G5: =MONTH('Hoạt động, lịch'!$D$28+(G4-1)*7+2) -> 3 | H5: =MONTH('Hoạt động, lịch'!$D$28+(H4-1)*7+2) -> 4 | I5: =MONTH('Hoạt động, lịch'!$D$28+(I4-1)*7+2) -> 4 | J5: =MONTH('Hoạt động, lịch'!$D$28+(J4-1)*7+2) -> 4 | ... AB5: =MONTH('Hoạt động, lịch'!$D$28+(AB4-1)*7+2) -> 8
B6: Thứ Hai đầu tuần | C6: ='Hoạt động, lịch'!$D$28+(C4-1)*7 -> 46447 | D6: ='Hoạt động, lịch'!$D$28+(D4-1)*7 -> 46454 | E6: ='Hoạt động, lịch'!$D$28+(E4-1)*7 -> 46461 | F6: ='Hoạt động, lịch'!$D$28+(F4-1)*7 -> 46468 | G6: ='Hoạt động, lịch'!$D$28+(G4-1)*7 -> 46475 | H6: ='Hoạt động, lịch'!$D$28+(H4-1)*7 -> 46482 | I6: ='Hoạt động, lịch'!$D$28+(I4-1)*7 -> 46489 | J6: ='Hoạt động, lịch'!$D$28+(J4-1)*7 -> 46496 | ... AB6: ='Hoạt động, lịch'!$D$28+(AB4-1)*7 -> 46622
B8: KHOẢN MỤC | C8: T3/2027 | E8: T4/2027 | G8: T5/2027 | I8: T6/2027 | K8: T7/2027 | M8: T8/2027 | O8: TỔNG
B9: Nhân sự | C9: ='Chi phí'!M70 -> 91.647436 | E9: ='Chi phí'!N70 -> 141.71795 | G9: ='Chi phí'!O70 -> 193.61795 | I9: ='Chi phí'!P70 -> 130.58077 | K9: ='Chi phí'!Q70 -> 35.051282 | M9: ='Chi phí'!R70 -> 47.384615 | O9: =SUM(C9,E9,G9,I9,K9,M9) -> 640
B10: Thiết bị | C10: ='Chi phí'!M71 -> 0 | E10: ='Chi phí'!N71 -> 28 | G10: ='Chi phí'!O71 -> 157.6 | I10: ='Chi phí'!P71 -> 294.4 | K10: ='Chi phí'!Q71 -> 0 | M10: ='Chi phí'!R71 -> 0 | O10: =SUM(C10,E10,G10,I10,K10,M10) -> 480
B11: Phần mềm, dịch vụ | C11: ='Chi phí'!M72 -> 0 | E11: ='Chi phí'!N72 -> 19.55 | G11: ='Chi phí'!O72 -> 75.2 | I11: ='Chi phí'!P72 -> 14.05 | K11: ='Chi phí'!Q72 -> 15.6 | M11: ='Chi phí'!R72 -> 15.6 | O11: =SUM(C11,E11,G11,I11,K11,M11) -> 140
B12: Đào tạo | C12: ='Chi phí'!M73 -> 0 | E12: ='Chi phí'!N73 -> 0 | G12: ='Chi phí'!O73 -> 12 | I12: ='Chi phí'!P73 -> 20.666667 | K12: ='Chi phí'!Q73 -> 7.3333333 | M12: ='Chi phí'!R73 -> 0 | O12: =SUM(C12,E12,G12,I12,K12,M12) -> 40
B13: Gián tiếp | C13: ='Chi phí'!M74 -> 18.807692 | E13: ='Chi phí'!N74 -> 7.8461538 | G13: ='Chi phí'!O74 -> 7.8461538 | I13: ='Chi phí'!P74 -> 9.8076923 | K13: ='Chi phí'!Q74 -> 7.8461538 | M13: ='Chi phí'!R74 -> 7.8461538 | O13: =SUM(C13,E13,G13,I13,K13,M13) -> 60
B14: Chi phí tháng (PV theo kế hoạch) | C14: =SUM(C9:C13) -> 110.45513 | E14: =SUM(E9:E13) -> 197.1141 | G14: =SUM(G9:G13) -> 446.2641 | I14: =SUM(I9:I13) -> 469.50513 | K14: =SUM(K9:K13) -> 65.830769 | M14: =SUM(M9:M13) -> 70.830769 | O14: =SUM(C14,E14,G14,I14,K14,M14) -> 1360
B15: Lũy kế – cost baseline | C15: =C14 -> 110.45513 | E15: =C15+E14 -> 307.56923 | G15: =E15+G14 -> 753.83333 | I15: =G15+I14 -> 1223.3385 | K15: =I15+K14 -> 1289.1692 | M15: =K15+M14 -> 1360 | O15: =IF(ABS(O14-'Chi phí'!J77)<0.001,"= BAC","LỆCH") -> = BAC
B16: % BAC | C16: =C15/O14 -> 0.081217006 | E16: =E15/O14 -> 0.22615385 | G16: =G15/O14 -> 0.55428922 | I16: =I15/O14 -> 0.89951357 | K16: =K15/O14 -> 0.94791855 | M16: =M15/O14 -> 1
B18: Dữ liệu biểu đồ
B19: Tháng | C19: T3 | D19: T4 | E19: T5 | F19: T6 | G19: T7 | H19: T8
B20: Chi phí từng tháng | C20: =C14 -> 110.45513 | D20: =E14 -> 197.1141 | E20: =G14 -> 446.2641 | F20: =I14 -> 469.50513 | G20: =K14 -> 65.830769 | H20: =M14 -> 70.830769
B21: Lũy kế (cost baseline) | C21: =C15 -> 110.45513 | D21: =E15 -> 307.56923 | E21: =G15 -> 753.83333 | F21: =I15 -> 1223.3385 | G21: =K15 -> 1289.1692 | H21: =M15 -> 1360

Sheet Dòng tiền
B1: Dòng tiền, NPV, ROI, thời gian hoàn vốn
B2: Đơn vị: triệu đồng · năm 0 = 2027 (đầu tư, không chiết khấu) · lợi ích từ 2028 · ô tô màu: thông số đầu vào
B4: CƠ SỞ TÍNH TOÁN | C4: GIÁ TRỊ | H4: CƠ SỞ
B5: Tỷ lệ chiết khấu / năm | C5: 0.12 | H5: Lãi vay trung hạn ≈ 9% + 3% bù rủi ro dự án CNTT
B6: Doanh thu chuỗi / năm | C6: 62000 | H6: Năm 2026; không tính tăng trưởng, 3 nhà hàng mới (thận trọng)
B7: Hao hụt nguyên liệu giảm (% doanh thu) | C7: 0.015 | H7: O5: từ 4% xuống ≤ 2,5% doanh thu
B8: Tỷ trọng doanh thu online tăng | C8: 0.07 | H8: Tiêu chí thành công của Charter: từ 8% lên ≥ 15%
B9: … phần thực sự tăng thêm | C9: 0.5 | H9: Một nửa chuyển từ khách tại bàn sang
B10: … tỷ suất lãi gộp | C10: 0.2 | H10: Sau giá vốn ≈ 35%, phí nền tảng ≈ 25%, bao bì, nhân công
B11: Giảm nhân công tổng hợp, đối soát / năm | C11: 180 | H11: 1 kế toán × 15 triệu đồng × 12 tháng
B12: Bỏ 5 phần mềm thu ngân cũ / năm | C12: 30 | H12: 5 × 6 triệu đồng/năm
B13: Chi phí đầu tư (năm 0) | C13: ='Chi phí'!J79 -> 1500 | H13: Ngân sách 1.500 = BAC + dự phòng (thận trọng: dùng hết)
B15: CHI PHÍ VẬN HÀNH / NĂM (từ 2028) | C15: GIÁ TRỊ | H15: CƠ SỞ
B16: Thuê bao RMS 5 nhà hàng | C16: 180 | H16: 5 × 3 triệu × 12 tháng
B17: Thuê bao dashboard văn phòng | C17: 12 | H17: 1 triệu × 12 tháng
B18: Gia hạn connector GrabFood, ShopeeFood | C18: 24 | H18: báo giá năm
B19: Gia hạn hóa đơn điện tử, chữ ký số | C19: 7.5 | H19: 5 × 1,5 triệu
B20: Bảo trì, thay thế thiết bị | C20: 24 | H20: 5% × 480 triệu
B21: Tổng chi phí vận hành / năm | C21: =SUM(C16:C20) -> 247.5
B23: MỨC ĐẠT LỢI ÍCH THEO NĂM | C23: 2027 | D23: 2028 | E23: 2029 | F23: 2030
B24: Giảm hao hụt | C24: 0 | D24: 0.7 | E24: 1 | F24: 1
B25: Doanh thu online | C25: 0 | D25: 0.5 | E25: 1 | F25: 1
B26: Nhân công, phần mềm cũ | C26: 0 | D26: 1 | E26: 1 | F26: 1
B28: DÒNG TIỀN (triệu đồng) | C28: 2027 (t = 0) | D28: 2028 (t = 1) | E28: 2029 (t = 2) | F28: 2030 (t = 3) | G28: TỔNG
B29: Năm t | C29: 0 | D29: 1 | E29: 2 | F29: 3
B30: Lợi ích: giảm hao hụt nguyên liệu | C30: =$C$6*$C$7*C24 -> 0 | D30: =$C$6*$C$7*D24 -> 651 | E30: =$C$6*$C$7*E24 -> 930 | F30: =$C$6*$C$7*F24 -> 930 | G30: =SUM(C30:F30) -> 2511
B31: Lợi ích: lãi gộp từ doanh thu online tăng | C31: =$C$6*$C$8*$C$9*$C$10*C25 -> 0 | D31: =$C$6*$C$8*$C$9*$C$10*D25 -> 217 | E31: =$C$6*$C$8*$C$9*$C$10*E25 -> 434 | F31: =$C$6*$C$8*$C$9*$C$10*F25 -> 434 | G31: =SUM(C31:F31) -> 1085
B32: Lợi ích: giảm nhân công tổng hợp, đối soát | C32: =$C$11*C26 -> 0 | D32: =$C$11*D26 -> 180 | E32: =$C$11*E26 -> 180 | F32: =$C$11*F26 -> 180 | G32: =SUM(C32:F32) -> 540
B33: Lợi ích: bỏ phần mềm thu ngân cũ | C33: =$C$12*C26 -> 0 | D33: =$C$12*D26 -> 30 | E33: =$C$12*E26 -> 30 | F33: =$C$12*F26 -> 30 | G33: =SUM(C33:F33) -> 90
B34: Tổng lợi ích | C34: =SUM(C30:C33) -> 0 | D34: =SUM(D30:D33) -> 1078 | E34: =SUM(E30:E33) -> 1574 | F34: =SUM(F30:F33) -> 1574 | G34: =SUM(C34:F34) -> 4226
B35: Chi phí đầu tư | C35: =$C$13 -> 1500 | D35: 0 | E35: 0 | F35: 0 | G35: =SUM(C35:F35) -> 1500
B36: Chi phí vận hành | C36: 0 | D36: =$C$21 -> 247.5 | E36: =$C$21 -> 247.5 | F36: =$C$21 -> 247.5 | G36: =SUM(C36:F36) -> 742.5
B37: Tổng chi phí | C37: =C35+C36 -> 1500 | D37: =D35+D36 -> 247.5 | E37: =E35+E36 -> 247.5 | F37: =F35+F36 -> 247.5 | G37: =SUM(C37:F37) -> 2242.5
B38: Dòng tiền ròng | C38: =C34-C37 -> -1500 | D38: =D34-D37 -> 830.5 | E38: =E34-E37 -> 1326.5 | F38: =F34-F37 -> 1326.5 | G38: =SUM(C38:F38) -> 1983.5
B39: Hệ số chiết khấu 1/(1 + r)^t | C39: =1/(1+$C$5)^C29 -> 1 | D39: =1/(1+$C$5)^D29 -> 0.89285714 | E39: =1/(1+$C$5)^E29 -> 0.79719388 | F39: =1/(1+$C$5)^F29 -> 0.71178025
B40: PV lợi ích | C40: =C34*C39 -> 0 | D40: =D34*D39 -> 962.5 | E40: =E34*E39 -> 1254.7832 | F40: =F34*F39 -> 1120.3421 | G40: =SUM(C40:F40) -> 3337.6253
B41: PV chi phí | C41: =C37*C39 -> 1500 | D41: =D37*D39 -> 220.98214 | E41: =E37*E39 -> 197.30548 | F41: =F37*F39 -> 176.16561 | G41: =SUM(C41:F41) -> 2094.4532
B42: PV dòng tiền ròng | C42: =C40-C41 -> -1500 | D42: =D40-D41 -> 741.51786 | E42: =E40-E41 -> 1057.4777 | F42: =F40-F41 -> 944.1765 | G42: =SUM(C42:F42) -> 1243.172
B43: Lũy kế PV dòng tiền ròng | C43: =C42 -> -1500 | D43: =C43+D42 -> -758.48214 | E43: =D43+E42 -> 298.99554 | F43: =E43+F42 -> 1243.172
B45: KẾT QUẢ | C45: GIÁ TRỊ | H45: CÔNG THỨC
B46: NPV | C46: =C38+NPV($C$5,D38:F38) -> 1243.172 | H46: Dòng tiền năm 0 + NPV(r; dòng tiền 2028:2030)
B47: NPV (kiểm tra = Σ PV dòng tiền ròng) | C47: =G42 -> 1243.172 | H47: Σ PV lợi ích − Σ PV chi phí
B48: ROI | C48: =(G40-G41)/G41 -> 0.59355445 | H48: (Σ PV lợi ích − Σ PV chi phí) / Σ PV chi phí
B49: Thời gian hoàn vốn giản đơn (năm) | C49: =$C$13/AVERAGE(D38:F38) -> 1.2918042 | H49: Vốn đầu tư / dòng tiền ròng trung bình năm
B50: Hoàn vốn có chiết khấu (năm, từ đầu 2028) | C50: =IF(D43>=0,-C43/D42,IF(E43>=0,1-D43/E42,IF(F43>=0,2-E43/F42,"> 3 năm"))) -> 1.7172559 | H50: Năm lũy kế PV đổi dấu + nội suy
B51: Mức lợi ích tối thiểu để NPV = 0 | C51: =G41/G40 -> 0.62752798 | H51: Σ PV chi phí / Σ PV lợi ích

Sheet EVM
B1: Giá trị thu được (EVM) – báo cáo tháng 5/2027
B2: Đơn vị: triệu đồng · PV tính từ sheet Chi phí (chi phí chia đều theo tuần) · ô tô màu: % hoàn thành do PM xác nhận, AC do Kế toán trưởng xác nhận
B4: THÔNG SỐ KỲ BÁO CÁO | D4: GIÁ TRỊ | E4: CƠ SỞ
B5: Tuần chốt số liệu | D5: 13 | E5: Hết tuần 13 = 50% thời gian kế hoạch (26 tuần)
B6: Ngày chốt (thứ Sáu) | D6: ='Hoạt động, lịch'!$D$28+(D5-1)*7+4 -> 46535 | E6: Thứ Hai đầu tuần 1 + (tuần − 1) × 7 + 4 ngày
B7: Tháng báo cáo | D7: =MONTH('Hoạt động, lịch'!$D$28+(D5-1)*7+2) -> 5 | E7: Tuần thuộc tháng chứa ngày thứ Tư (cùng quy tắc với cost baseline)
B8: BAC – chi phí ước tính (cost baseline) | D8: ='Chi phí'!$J$77 -> 1360 | E8: Sheet Chi phí; không gồm dự phòng
B9: Ngân sách dự án (BAC + dự phòng) | D9: ='Chi phí'!$J$79 -> 1500 | E9: Charter: 1.500 triệu đồng
B10: Dự phòng rủi ro | D10: ='Chi phí'!$J$78 -> 140 | E10: Contingency reserve, chỉ dùng khi CCB duyệt
B11: Ngưỡng vàng CPI, SPI | D11: 0.95 | E11: Charter (tiêu chí thành công): CPI ≥ 0,95 ở mọi kỳ báo cáo (áp dụng cả cho SPI); dưới ngưỡng: PM lập hành động khắc phục
B12: Ngưỡng đỏ CPI, SPI | D12: 0.9 | E12: Dưới ngưỡng đỏ, hoặc EAC điển hình vượt ngân sách: họp CCB trong 5 ngày làm việc
B14: WBS | C14: WORK PACKAGE | D14: BAC | E14: PV | F14: % KẾ HOẠCH | G14: % THỰC TẾ | H14: EV | I14: AC | J14: CV = EV − AC | K14: SV = EV − PV | L14: CPI | M14: SPI | N14: NGUYÊN NHÂN CHÊNH LỆCH
B16: 1.1.1 | C16: =INDEX(WBS!$C$5:$C$44,MATCH($B16,WBS!$B$5:$B$44,0)) -> Charter, kick-off | D16: =SUMIF('Chi phí'!$B$5:$B$68,$B16,'Chi phí'!$J$5:$J$68) -> 7 | E16: =SUMPRODUCT(('Chi phí'!$B$5:$B$68=$B16)*'Chi phí'!$J$5:$J$68*((($D$5>='Chi phí'!$K$5:$K$68)*($D$5<'Chi phí'!$L$5:$L$68)*($D$5-'Chi phí'!$K$5:$K$68+1)/('Chi phí'!$L$5:$L$68-'Chi phí'!$K$5:$K$68+1))+($D$5>='Chi phí'!$L$5:$L$68))) -> 7 | F16: =IF(D16=0,0,E16/D16) -> 1 | G16: =F16 -> 1 | H16: =G16*D16 -> 7 | I16: =E16 -> 7 | J16: =H16-I16 -> 0 | K16: =H16-E16 -> 0 | L16: =IF(I16=0,"",H16/I16) -> 1 | M16: =IF(E16=0,"",H16/E16) -> 1 | N16: Đúng kế hoạch
B17: 1.1.2 | C17: =INDEX(WBS!$C$5:$C$44,MATCH($B17,WBS!$B$5:$B$44,0)) -> Kế hoạch dự án | D17: =SUMIF('Chi phí'!$B$5:$B$68,$B17,'Chi phí'!$J$5:$J$68) -> 22 | E17: =SUMPRODUCT(('Chi phí'!$B$5:$B$68=$B17)*'Chi phí'!$J$5:$J$68*((($D$5>='Chi phí'!$K$5:$K$68)*($D$5<'Chi phí'!$L$5:$L$68)*($D$5-'Chi phí'!$K$5:$K$68+1)/('Chi phí'!$L$5:$L$68-'Chi phí'!$K$5:$K$68+1))+($D$5>='Chi phí'!$L$5:$L$68))) -> 22 | F17: =IF(D17=0,0,E17/D17) -> 1 | G17: =F17 -> 1 | H17: =G17*D17 -> 22 | I17: =E17 -> 22 | J17: =H17-I17 -> 0 | K17: =H17-E17 -> 0 | L17: =IF(I17=0,"",H17/I17) -> 1 | M17: =IF(E17=0,"",H17/E17) -> 1 | N17: Đúng kế hoạch
B18: 1.1.3 | C18: =INDEX(WBS!$C$5:$C$44,MATCH($B18,WBS!$B$5:$B$44,0)) -> Hợp đồng đối tác | D18: =SUMIF('Chi phí'!$B$5:$B$68,$B18,'Chi phí'!$J$5:$J$68) -> 10.5 | E18: =SUMPRODUCT(('Chi phí'!$B$5:$B$68=$B18)*'Chi phí'!$J$5:$J$68*((($D$5>='Chi phí'!$K$5:$K$68)*($D$5<'Chi phí'!$L$5:$L$68)*($D$5-'Chi phí'!$K$5:$K$68+1)/('Chi phí'!$L$5:$L$68-'Chi phí'!$K$5:$K$68+1))+($D$5>='Chi phí'!$L$5:$L$68))) -> 10.5 | F18: =IF(D18=0,0,E18/D18) -> 1 | G18: =F18 -> 1 | H18: =G18*D18 -> 10.5 | I18: 12 | J18: =H18-I18 -> -1.5 | K18: =H18-E18 -> 0 | L18: =IF(I18=0,"",H18/I18) -> 0.875 | M18: =IF(E18=0,"",H18/E18) -> 1 | N18: Thêm 1 vòng đàm phán điều khoản SLA, thuê bao (1 ngày công PM)
B19: 1.2.1 | C19: =INDEX(WBS!$C$5:$C$44,MATCH($B19,WBS!$B$5:$B$44,0)) -> Báo cáo, EVM | D19: =SUMIF('Chi phí'!$B$5:$B$68,$B19,'Chi phí'!$J$5:$J$68) -> 32.5 | E19: =SUMPRODUCT(('Chi phí'!$B$5:$B$68=$B19)*'Chi phí'!$J$5:$J$68*((($D$5>='Chi phí'!$K$5:$K$68)*($D$5<'Chi phí'!$L$5:$L$68)*($D$5-'Chi phí'!$K$5:$K$68+1)/('Chi phí'!$L$5:$L$68-'Chi phí'!$K$5:$K$68+1))+($D$5>='Chi phí'!$L$5:$L$68))) -> 16.25 | F19: =IF(D19=0,0,E19/D19) -> 0.5 | G19: =F19 -> 0.5 | H19: =G19*D19 -> 16.25 | I19: =E19 -> 16.25 | J19: =H19-I19 -> 0 | K19: =H19-E19 -> 0 | L19: =IF(I19=0,"",H19/I19) -> 1 | M19: =IF(E19=0,"",H19/E19) -> 1 | N19: Dàn trải 26 tuần (level of effort): đúng kế hoạch
B20: 1.2.2 | C20: =INDEX(WBS!$C$5:$C$44,MATCH($B20,WBS!$B$5:$B$44,0)) -> Thay đổi, rủi ro | D20: =SUMIF('Chi phí'!$B$5:$B$68,$B20,'Chi phí'!$J$5:$J$68) -> 22 | E20: =SUMPRODUCT(('Chi phí'!$B$5:$B$68=$B20)*'Chi phí'!$J$5:$J$68*((($D$5>='Chi phí'!$K$5:$K$68)*($D$5<'Chi phí'!$L$5:$L$68)*($D$5-'Chi phí'!$K$5:$K$68+1)/('Chi phí'!$L$5:$L$68-'Chi phí'!$K$5:$K$68+1))+($D$5>='Chi phí'!$L$5:$L$68))) -> 11 | F20: =IF(D20=0,0,E20/D20) -> 0.5 | G20: =F20 -> 0.5 | H20: =G20*D20 -> 11 | I20: =E20 -> 11 | J20: =H20-I20 -> 0 | K20: =H20-E20 -> 0 | L20: =IF(I20=0,"",H20/I20) -> 1 | M20: =IF(E20=0,"",H20/E20) -> 1 | N20: Dàn trải 26 tuần (level of effort): đúng kế hoạch
B21: 2.1 | C21: =INDEX(WBS!$C$5:$C$44,MATCH($B21,WBS!$B$5:$B$44,0)) -> Khảo sát hiện trạng | D21: =SUMIF('Chi phí'!$B$5:$B$68,$B21,'Chi phí'!$J$5:$J$68) -> 25 | E21: =SUMPRODUCT(('Chi phí'!$B$5:$B$68=$B21)*'Chi phí'!$J$5:$J$68*((($D$5>='Chi phí'!$K$5:$K$68)*($D$5<'Chi phí'!$L$5:$L$68)*($D$5-'Chi phí'!$K$5:$K$68+1)/('Chi phí'!$L$5:$L$68-'Chi phí'!$K$5:$K$68+1))+($D$5>='Chi phí'!$L$5:$L$68))) -> 25 | F21: =IF(D21=0,0,E21/D21) -> 1 | G21: =F21 -> 1 | H21: =G21*D21 -> 25 | I21: =E21 -> 25 | J21: =H21-I21 -> 0 | K21: =H21-E21 -> 0 | L21: =IF(I21=0,"",H21/I21) -> 1 | M21: =IF(E21=0,"",H21/E21) -> 1 | N21: Đúng kế hoạch
B22: 2.2 | C22: =INDEX(WBS!$C$5:$C$44,MATCH($B22,WBS!$B$5:$B$44,0)) -> Đặc tả yêu cầu (SRS) | D22: =SUMIF('Chi phí'!$B$5:$B$68,$B22,'Chi phí'!$J$5:$J$68) -> 30.5 | E22: =SUMPRODUCT(('Chi phí'!$B$5:$B$68=$B22)*'Chi phí'!$J$5:$J$68*((($D$5>='Chi phí'!$K$5:$K$68)*($D$5<'Chi phí'!$L$5:$L$68)*($D$5-'Chi phí'!$K$5:$K$68+1)/('Chi phí'!$L$5:$L$68-'Chi phí'!$K$5:$K$68+1))+($D$5>='Chi phí'!$L$5:$L$68))) -> 30.5 | F22: =IF(D22=0,0,E22/D22) -> 1 | G22: =F22 -> 1 | H22: =G22*D22 -> 30.5 | I22: 33.5 | J22: =H22-I22 -> -3 | K22: =H22-E22 -> 0 | L22: =IF(I22=0,"",H22/I22) -> 0.91044776 | M22: =IF(E22=0,"",H22/E22) -> 1 | N22: Thêm 2 workshop với Marketing, Kế toán (2 ngày công BA)
B23: 3.1 | C23: =INDEX(WBS!$C$5:$C$44,MATCH($B23,WBS!$B$5:$B$44,0)) -> Quy trình, cấu hình | D23: =SUMIF('Chi phí'!$B$5:$B$68,$B23,'Chi phí'!$J$5:$J$68) -> 47.5 | E23: =SUMPRODUCT(('Chi phí'!$B$5:$B$68=$B23)*'Chi phí'!$J$5:$J$68*((($D$5>='Chi phí'!$K$5:$K$68)*($D$5<'Chi phí'!$L$5:$L$68)*($D$5-'Chi phí'!$K$5:$K$68+1)/('Chi phí'!$L$5:$L$68-'Chi phí'!$K$5:$K$68+1))+($D$5>='Chi phí'!$L$5:$L$68))) -> 47.5 | F23: =IF(D23=0,0,E23/D23) -> 1 | G23: =F23 -> 1 | H23: =G23*D23 -> 47.5 | I23: =E23 -> 47.5 | J23: =H23-I23 -> 0 | K23: =H23-E23 -> 0 | L23: =IF(I23=0,"",H23/I23) -> 1 | M23: =IF(E23=0,"",H23/E23) -> 1 | N23: Đúng kế hoạch
B24: 3.2 | C24: =INDEX(WBS!$C$5:$C$44,MATCH($B24,WBS!$B$5:$B$44,0)) -> Kiến trúc tích hợp | D24: =SUMIF('Chi phí'!$B$5:$B$68,$B24,'Chi phí'!$J$5:$J$68) -> 27.5 | E24: =SUMPRODUCT(('Chi phí'!$B$5:$B$68=$B24)*'Chi phí'!$J$5:$J$68*((($D$5>='Chi phí'!$K$5:$K$68)*($D$5<'Chi phí'!$L$5:$L$68)*($D$5-'Chi phí'!$K$5:$K$68+1)/('Chi phí'!$L$5:$L$68-'Chi phí'!$K$5:$K$68+1))+($D$5>='Chi phí'!$L$5:$L$68))) -> 27.5 | F24: =IF(D24=0,0,E24/D24) -> 1 | G24: =F24 -> 1 | H24: =G24*D24 -> 27.5 | I24: 31 | J24: =H24-I24 -> -3.5 | K24: =H24-E24 -> 0 | L24: =IF(I24=0,"",H24/I24) -> 0.88709677 | M24: =IF(E24=0,"",H24/E24) -> 1 | N24: Tài liệu API bên thứ ba đổi 2 lần, thiết kế lại 2 kết nối (1 ngày tư vấn, 1 ngày BA)
B25: 4.1 | C25: =INDEX(WBS!$C$5:$C$44,MATCH($B25,WBS!$B$5:$B$44,0)) -> RMS lõi | D25: =SUMIF('Chi phí'!$B$5:$B$68,$B25,'Chi phí'!$J$5:$J$68) -> 156 | E25: =SUMPRODUCT(('Chi phí'!$B$5:$B$68=$B25)*'Chi phí'!$J$5:$J$68*((($D$5>='Chi phí'!$K$5:$K$68)*($D$5<'Chi phí'!$L$5:$L$68)*($D$5-'Chi phí'!$K$5:$K$68+1)/('Chi phí'!$L$5:$L$68-'Chi phí'!$K$5:$K$68+1))+($D$5>='Chi phí'!$L$5:$L$68))) -> 128.75 | F25: =IF(D25=0,0,E25/D25) -> 0.82532051 | G25: =F25 -> 0.82532051 | H25: =G25*D25 -> 128.75 | I25: =E25 -> 128.75 | J25: =H25-I25 -> 0 | K25: =H25-E25 -> 0 | L25: =IF(I25=0,"",H25/I25) -> 1 | M25: =IF(E25=0,"",H25/E25) -> 1 | N25: Đúng kế hoạch
B26: 4.2.1 | C26: =INDEX(WBS!$C$5:$C$44,MATCH($B26,WBS!$B$5:$B$44,0)) -> Tích hợp ngoài (P9) | D26: =SUMIF('Chi phí'!$B$5:$B$68,$B26,'Chi phí'!$J$5:$J$68) -> 104 | E26: =SUMPRODUCT(('Chi phí'!$B$5:$B$68=$B26)*'Chi phí'!$J$5:$J$68*((($D$5>='Chi phí'!$K$5:$K$68)*($D$5<'Chi phí'!$L$5:$L$68)*($D$5-'Chi phí'!$K$5:$K$68+1)/('Chi phí'!$L$5:$L$68-'Chi phí'!$K$5:$K$68+1))+($D$5>='Chi phí'!$L$5:$L$68))) -> 104 | F26: =IF(D26=0,0,E26/D26) -> 1 | G26: 0.6 | H26: =G26*D26 -> 62.4 | I26: 112 | J26: =H26-I26 -> -49.6 | K26: =H26-E26 -> -41.6 | L26: =IF(I26=0,"",H26/I26) -> 0.55714286 | M26: =IF(E26=0,"",H26/E26) -> 0.6 | N26: Quyền API ShopeeFood cấp chậm 2 tuần; tư vấn vẫn tính công khi chờ, làm lại 4 ngày công (8 triệu đồng)
B27: 4.2.2 | C27: =INDEX(WBS!$C$5:$C$44,MATCH($B27,WBS!$B$5:$B$44,0)) -> Kênh online (P6) | D27: =SUMIF('Chi phí'!$B$5:$B$68,$B27,'Chi phí'!$J$5:$J$68) -> 52 | E27: =SUMPRODUCT(('Chi phí'!$B$5:$B$68=$B27)*'Chi phí'!$J$5:$J$68*((($D$5>='Chi phí'!$K$5:$K$68)*($D$5<'Chi phí'!$L$5:$L$68)*($D$5-'Chi phí'!$K$5:$K$68+1)/('Chi phí'!$L$5:$L$68-'Chi phí'!$K$5:$K$68+1))+($D$5>='Chi phí'!$L$5:$L$68))) -> 52 | F27: =IF(D27=0,0,E27/D27) -> 1 | G27: =F27 -> 1 | H27: =G27*D27 -> 52 | I27: =E27 -> 52 | J27: =H27-I27 -> 0 | K27: =H27-E27 -> 0 | L27: =IF(I27=0,"",H27/I27) -> 1 | M27: =IF(E27=0,"",H27/E27) -> 1 | N27: Đúng kế hoạch
B28: 5.1 | C28: =INDEX(WBS!$C$5:$C$44,MATCH($B28,WBS!$B$5:$B$44,0)) -> Thiết bị đợt 1 (pilot) | D28: =SUMIF('Chi phí'!$B$5:$B$68,$B28,'Chi phí'!$J$5:$J$68) -> 118 | E28: =SUMPRODUCT(('Chi phí'!$B$5:$B$68=$B28)*'Chi phí'!$J$5:$J$68*((($D$5>='Chi phí'!$K$5:$K$68)*($D$5<'Chi phí'!$L$5:$L$68)*($D$5-'Chi phí'!$K$5:$K$68+1)/('Chi phí'!$L$5:$L$68-'Chi phí'!$K$5:$K$68+1))+($D$5>='Chi phí'!$L$5:$L$68))) -> 118 | F28: =IF(D28=0,0,E28/D28) -> 1 | G28: =F28 -> 1 | H28: =G28*D28 -> 118 | I28: 123 | J28: =H28-I28 -> -5 | K28: =H28-E28 -> 0 | L28: =IF(I28=0,"",H28/I28) -> 0.95934959 | M28: =IF(E28=0,"",H28/E28) -> 1 | N28: Giá thiết bị bộ pilot tăng ≈ 4,5% (≈ 5 triệu đồng)
B29: 5.2 | C29: =INDEX(WBS!$C$5:$C$44,MATCH($B29,WBS!$B$5:$B$44,0)) -> Thiết bị đợt 2 | D29: =SUMIF('Chi phí'!$B$5:$B$68,$B29,'Chi phí'!$J$5:$J$68) -> 380 | E29: =SUMPRODUCT(('Chi phí'!$B$5:$B$68=$B29)*'Chi phí'!$J$5:$J$68*((($D$5>='Chi phí'!$K$5:$K$68)*($D$5<'Chi phí'!$L$5:$L$68)*($D$5-'Chi phí'!$K$5:$K$68+1)/('Chi phí'!$L$5:$L$68-'Chi phí'!$K$5:$K$68+1))+($D$5>='Chi phí'!$L$5:$L$68))) -> 76 | F29: =IF(D29=0,0,E29/D29) -> 0.2 | G29: =F29 -> 0.2 | H29: =G29*D29 -> 76 | I29: =E29 -> 76 | J29: =H29-I29 -> 0 | K29: =H29-E29 -> 0 | L29: =IF(I29=0,"",H29/I29) -> 1 | M29: =IF(E29=0,"",H29/E29) -> 1 | N29: Đúng kế hoạch
B30: 6.1 | C30: =INDEX(WBS!$C$5:$C$44,MATCH($B30,WBS!$B$5:$B$44,0)) -> Thực đơn, công thức | D30: =SUMIF('Chi phí'!$B$5:$B$68,$B30,'Chi phí'!$J$5:$J$68) -> 12 | E30: =SUMPRODUCT(('Chi phí'!$B$5:$B$68=$B30)*'Chi phí'!$J$5:$J$68*((($D$5>='Chi phí'!$K$5:$K$68)*($D$5<'Chi phí'!$L$5:$L$68)*($D$5-'Chi phí'!$K$5:$K$68+1)/('Chi phí'!$L$5:$L$68-'Chi phí'!$K$5:$K$68+1))+($D$5>='Chi phí'!$L$5:$L$68))) -> 12 | F30: =IF(D30=0,0,E30/D30) -> 1 | G30: =F30 -> 1 | H30: =G30*D30 -> 12 | I30: 14 | J30: =H30-I30 -> -2 | K30: =H30-E30 -> 0 | L30: =IF(I30=0,"",H30/I30) -> 0.85714286 | M30: =IF(E30=0,"",H30/E30) -> 1 | N30: Thực đơn thực tế 170 món (ước tính 150 món): thêm 2 ngày công nhập liệu
B31: 6.2 | C31: =INDEX(WBS!$C$5:$C$44,MATCH($B31,WBS!$B$5:$B$44,0)) -> Khách hàng, tồn kho | D31: =SUMIF('Chi phí'!$B$5:$B$68,$B31,'Chi phí'!$J$5:$J$68) -> 8 | E31: =SUMPRODUCT(('Chi phí'!$B$5:$B$68=$B31)*'Chi phí'!$J$5:$J$68*((($D$5>='Chi phí'!$K$5:$K$68)*($D$5<'Chi phí'!$L$5:$L$68)*($D$5-'Chi phí'!$K$5:$K$68+1)/('Chi phí'!$L$5:$L$68-'Chi phí'!$K$5:$K$68+1))+($D$5>='Chi phí'!$L$5:$L$68))) -> 2.6666667 | F31: =IF(D31=0,0,E31/D31) -> 0.33333333 | G31: =F31 -> 0.33333333 | H31: =G31*D31 -> 2.6666667 | I31: =E31 -> 2.6666667 | J31: =H31-I31 -> 0 | K31: =H31-E31 -> 0 | L31: =IF(I31=0,"",H31/I31) -> 1 | M31: =IF(E31=0,"",H31/E31) -> 1 | N31: Đúng kế hoạch
B32: 8.1 | C32: =INDEX(WBS!$C$5:$C$44,MATCH($B32,WBS!$B$5:$B$44,0)) -> Tài liệu, trainer | D32: =SUMIF('Chi phí'!$B$5:$B$68,$B32,'Chi phí'!$J$5:$J$68) -> 43 | E32: =SUMPRODUCT(('Chi phí'!$B$5:$B$68=$B32)*'Chi phí'!$J$5:$J$68*((($D$5>='Chi phí'!$K$5:$K$68)*($D$5<'Chi phí'!$L$5:$L$68)*($D$5-'Chi phí'!$K$5:$K$68+1)/('Chi phí'!$L$5:$L$68-'Chi phí'!$K$5:$K$68+1))+($D$5>='Chi phí'!$L$5:$L$68))) -> 28.666667 | F32: =IF(D32=0,0,E32/D32) -> 0.66666667 | G32: =F32 -> 0.66666667 | H32: =G32*D32 -> 28.666667 | I32: =E32 -> 28.666667 | J32: =H32-I32 -> 0 | K32: =H32-E32 -> 0 | L32: =IF(I32=0,"",H32/I32) -> 1 | M32: =IF(E32=0,"",H32/E32) -> 1 | N32: Đúng kế hoạch
B33: — | C33: Chi phí gián tiếp | D33: =SUMIF('Chi phí'!$B$5:$B$68,$B33,'Chi phí'!$J$5:$J$68) -> 60 | E33: =SUMPRODUCT(('Chi phí'!$B$5:$B$68=$B33)*'Chi phí'!$J$5:$J$68*((($D$5>='Chi phí'!$K$5:$K$68)*($D$5<'Chi phí'!$L$5:$L$68)*($D$5-'Chi phí'!$K$5:$K$68+1)/('Chi phí'!$L$5:$L$68-'Chi phí'!$K$5:$K$68+1))+($D$5>='Chi phí'!$L$5:$L$68))) -> 34.5 | F33: =IF(D33=0,0,E33/D33) -> 0.575 | G33: =F33 -> 0.575 | H33: =G33*D33 -> 34.5 | I33: =E33 -> 34.5 | J33: =H33-I33 -> 0 | K33: =H33-E33 -> 0 | L33: =IF(I33=0,"",H33/I33) -> 1 | M33: =IF(E33=0,"",H33/E33) -> 1 | N33: Văn phòng, đi lại, công cụ QLDA, pháp lý – dàn trải theo thời gian: đúng kế hoạch
B34: 7.1 – 10.2 | C34: Các gói chưa bắt đầu (từ tuần 14 trở đi) | D34: =$D$8-SUM(D16:D33) -> 202.5 | N34: Chưa phát sinh PV, EV, AC
C35: Tổng dự án | D35: =SUM(D16:D34) -> 1360 | E35: =SUM(E16:E33) -> 753.83333 | F35: =E35/D35 -> 0.55428922 | G35: =H35/D35 -> 0.52370098 | H35: =SUM(H16:H33) -> 712.23333 | I35: =SUM(I16:I33) -> 776.83333 | J35: =H35-I35 -> -64.6 | K35: =H35-E35 -> -41.6 | L35: =H35/I35 -> 0.91684188 | M35: =H35/E35 -> 0.94481539 | N35: =IF(ABS(E35-INDEX('Cost baseline'!$C$15:$N$15,1,2*($D$7-3)+1))<0.001,"PV = lũy kế cost baseline tháng "&$D$7&": khớp","PV LỆCH cost baseline") -> PV = lũy kế cost baseline tháng 5: khớp
B38: CHỈ SỐ | D38: GIÁ TRỊ | E38: CÔNG THỨC | K38: DIỄN GIẢI
B39: PV – giá trị kế hoạch | D39: =E35 -> 753.83333 | E39: Σ PV các work package (cost baseline đến ngày chốt) | K39: ="Công việc lẽ ra phải xong: "&TEXT(D39/D35,"0.0%")&" BAC" -> Công việc lẽ ra phải xong: 55.4% BAC
B40: EV – giá trị thu được | D40: =H35 -> 712.23333 | E40: Σ (% hoàn thành thực tế × BAC của gói) | K40: ="Công việc thực sự xong: "&TEXT(D40/D35,"0.0%")&" BAC" -> Công việc thực sự xong: 52.4% BAC
B41: AC – chi phí thực tế | D41: =I35 -> 776.83333 | E41: Σ chi phí thực tế (Kế toán trưởng xác nhận) | K41: ="Đã chi: "&TEXT(D41/D35,"0.0%")&" BAC" -> Đã chi: 57.1% BAC
B42: BAC | D42: =D35 -> 1360 | E42: Ngân sách theo baseline
B43: CV = EV − AC | D43: =D40-D41 -> -64.6 | E43: EV − AC | K43: =IF(D43<0,"Vượt chi phí ","Tiết kiệm ")&TEXT(ABS(D43),"#,##0.0")&" triệu đồng" -> Vượt chi phí 64.6 triệu đồng
B44: SV = EV − PV | D44: =D40-D39 -> -41.6 | E44: EV − PV | K44: =IF(D44<0,"Chậm tiến độ (giá trị ","Vượt tiến độ (giá trị ")&TEXT(ABS(D44),"#,##0.0")&" triệu đồng)" -> Chậm tiến độ (giá trị 41.6 triệu đồng)
B45: CPI = EV / AC | D45: =D40/D41 -> 0.91684188 | E45: EV / AC | K45: ="Mỗi 1.000 đồng chi tạo "&TEXT(D45*1000,"#,##0")&" đồng giá trị; "&IF(D45<$D$11,"dưới","đạt")&" ngưỡng "&TEXT($D$11,"0.00") -> Mỗi 1.000 đồng chi tạo 917 đồng giá trị; dưới ngưỡng 0.95
B46: SPI = EV / PV | D46: =D40/D39 -> 0.94481539 | E46: EV / PV | K46: ="Làm được "&TEXT(D46,"0%")&" khối lượng kế hoạch; "&IF(D46<$D$11,"dưới","đạt")&" ngưỡng "&TEXT($D$11,"0.00") -> Làm được 94% khối lượng kế hoạch; dưới ngưỡng 0.95
B47: ETC không điển hình | D47: =D42-D40 -> 647.76667 | E47: BAC − EV (sai lệch là sự kiện đơn lẻ, phần còn lại theo kế hoạch)
B48: EAC không điển hình | D48: =D41+D47 -> 1424.6 | E48: AC + ETC = BAC + (AC − EV)
B49: VAC không điển hình | D49: =D42-D48 -> -64.6 | E49: BAC − EAC
B50: ETC điển hình | D50: =(D42-D40)/D45 -> 706.5195 | E50: (BAC − EV) / CPI (hiệu suất chi phí giữ nguyên)
B51: EAC điển hình | D51: =D41+D50 -> 1483.3528 | E51: AC + ETC
B52: VAC điển hình | D52: =D42-D51 -> -123.35283 | E52: BAC − EAC
B53: Dự phòng dùng – không điển hình | D53: =MAX(0,D48-D42) -> 64.6 | E53: MAX(0; EAC − BAC)
B54: Dự phòng còn lại – không điển hình | D54: =$D$10-D53 -> 75.4 | E54: Dự phòng − phần đã dùng
B55: Dự phòng dùng – điển hình | D55: =MAX(0,D51-D42) -> 123.35283 | E55: MAX(0; EAC − BAC)
B56: Dự phòng còn lại – điển hình | D56: =$D$10-D55 -> 16.647166 | E56: Dự phòng − phần đã dùng
B57: Cảnh báo chi phí | D57: =IF(D45<$D$12,"ĐỎ",IF(D45<$D$11,"VÀNG","Đạt")) -> VÀNG | E57: CPI so với ngưỡng vàng, đỏ
B58: Cảnh báo tiến độ | D58: =IF(D46<$D$12,"ĐỎ",IF(D46<$D$11,"VÀNG","Đạt")) -> VÀNG | E58: SPI so với ngưỡng vàng, đỏ
B59: Cảnh báo ngân sách | D59: =IF(D51>$D$9,"ĐỎ","Đạt") -> Đạt | E59: EAC điển hình so với ngân sách 1.500 triệu đồng
B62: DỰ BÁO TIẾN ĐỘ GÓI 4.2.1 (HOẠT ĐỘNG F) | D62: GIÁ TRỊ | E62: CÔNG THỨC, CƠ SỞ
B63: Thời lượng kế hoạch của F (tuần) | D63: =INDEX('Hoạt động, lịch'!$M$5:$M$26,MATCH("F",'Hoạt động, lịch'!$B$5:$B$26,0))-INDEX('Hoạt động, lịch'!$L$5:$L$26,MATCH("F",'Hoạt động, lịch'!$B$5:$B$26,0)) -> 5 | E63: EF − ES (sheet Hoạt động, lịch)
B64: Khối lượng còn lại (tuần, 1 tư vấn) | D64: =(1-G26)*D63 -> 2 | E64: (1 − % hoàn thành) × thời lượng kế hoạch
B65: Khối lượng còn lại (ngày công) | D65: =D64*5 -> 10 | E65: × 5 ngày làm việc/tuần
B66: Dự kiến xong nếu không xử lý (cuối tuần) | D66: =$D$5+D64 -> 15 | E66: Tuần chốt + khối lượng còn lại
B67: Hạn muộn nhất của F – LF (tuần) | D67: =INDEX('Hoạt động, lịch'!$O$5:$O$26,MATCH("F",'Hoạt động, lịch'!$B$5:$B$26,0)) -> 14 | E67: LF trong sheet Hoạt động, lịch (Total Slack = 1)
B68: Trễ so với LF (tuần) = trễ của SIT (L) và của dự án | D68: =MAX(0,D66-D67) -> 1 | E68: L là việc găng (Total Slack = 0) nên mỗi tuần trễ của F làm dự án trễ 1 tuần
B69: Ngày nghiệm thu M7 nếu không xử lý | D69: =INDEX('Hoạt động, lịch'!$U$5:$U$26,MATCH("S",'Hoạt động, lịch'!$B$5:$B$26,0))+7*D68 -> 46633 | E69: M7 theo lịch + 7 ngày × tuần trễ (hạn Charter 27/08/2027)
B70: Khắc phục: năng lực tuần 14 khi thêm 1 tư vấn (ngày công) | D70: =2*5 -> 10 | E70: 2 tư vấn × 5 ngày công/tuần
B71: Dự kiến xong sau khi bổ sung (cuối tuần) | D71: =$D$5+D65/D70 -> 14 | E71: Tuần chốt + khối lượng còn lại / năng lực mỗi tuần
B72: Trễ so với LF sau khi bổ sung (tuần) | D72: =MAX(0,D71-D67) -> 0 | E72: Về 0: SIT (L) giữ nguyên ES, dự án giữ 26 tuần
B73: Chi phí tăng thêm: 1 ngày công làm quen (triệu đồng) | D73: =1*INDEX('Nguồn lực'!$D$5:$D$8,MATCH("TV",'Nguồn lực'!$B$5:$B$8,0)) -> 2 | E73: Ngày công × đơn giá tư vấn; PM duyệt được (≤ 50 triệu đồng/khoản theo Charter)
B76: THÁNG | D76: PV LŨY KẾ | E76: EV LŨY KẾ | F76: AC LŨY KẾ | G76: CPI | H76: SPI | I76: GHI CHÚ
B77: 3 | D77: =INDEX('Cost baseline'!$C$15:$N$15,1,2*(B77-3)+1) -> 110.45513 | E77: =D77 -> 110.45513 | F77: 111.95513 | G77: =E77/F77 -> 0.98660178 | H77: =E77/D77 -> 1 | I77: Báo cáo tháng trước: đúng tiến độ; chi vượt do gói 1.1.3
B78: 4 | D78: =INDEX('Cost baseline'!$C$15:$N$15,1,2*(B78-3)+1) -> 307.56923 | E78: =D78 -> 307.56923 | F78: 315.56923 | G78: =E78/F78 -> 0.97464899 | H78: =E78/D78 -> 1 | I78: Báo cáo tháng trước: đúng tiến độ; chi vượt thêm do gói 2.2, 3.2
B79: 5 | D79: =INDEX('Cost baseline'!$C$15:$N$15,1,2*(B79-3)+1) -> 753.83333 | E79: =H35 -> 712.23333 | F79: =I35 -> 776.83333 | G79: =E79/F79 -> 0.91684188 | H79: =E79/D79 -> 0.94481539 | I79: Báo cáo tháng này (liên kết bảng trên)
B82: Dữ liệu biểu đồ PV – EV – AC
C83: Tháng | D83: T3 | E83: T4 | F83: T5 | G83: T6 | H83: T7 | I83: T8
C84: PV (cost baseline) | D84: =INDEX('Cost baseline'!$C$15:$N$15,1,1) -> 110.45513 | E84: =INDEX('Cost baseline'!$C$15:$N$15,1,3) -> 307.56923 | F84: =INDEX('Cost baseline'!$C$15:$N$15,1,5) -> 753.83333 | G84: =INDEX('Cost baseline'!$C$15:$N$15,1,7) -> 1223.3385 | H84: =INDEX('Cost baseline'!$C$15:$N$15,1,9) -> 1289.1692 | I84: =INDEX('Cost baseline'!$C$15:$N$15,1,11) -> 1360
C85: EV (giá trị thu được) | D85: =E77 -> 110.45513 | E85: =E78 -> 307.56923 | F85: =E79 -> 712.23333
C86: AC (chi phí thực tế) | D86: =F77 -> 111.95513 | E86: =F78 -> 315.56923 | F86: =F79 -> 776.83333
C87: EAC không điển hình | F87: =F79 -> 776.83333 | I87: =D48 -> 1424.6

Sheet Thay đổi
B1: Yêu cầu thay đổi CR-01 – đánh giá tác động và quyết định
B2: Đơn vị: triệu đồng · tác động lịch tính lại CPM từ sheet Hoạt động, lịch · tác động ngân sách lấy từ sheet EVM · tác động hiệu quả lấy từ sheet Dòng tiền · ô tô màu: dữ liệu nhập
B4: A. PHIẾU YÊU CẦU THAY ĐỔI
B5: Mã phiếu | C5: CR-01
B6: Ngày lập | C6: 46538
B7: Người đề xuất | C7: Trưởng phòng Marketing
B8: Nội dung đề xuất | C8: Bổ sung ứng dụng di động riêng cho thực khách (iOS, Android): đặt bàn, đặt món, tích điểm, nhận thông báo khuyến mãi.
B9: Lý do | C9: Tăng tỷ trọng doanh thu online (BR-05: từ 8% lên ≥ 15%) và giữ chân khách thành viên bằng thông báo đẩy; đề xuất sau khi xem bản demo web đặt món ở vòng cấu hình 3.
B10: Loại thay đổi | C10: Phạm vi: bổ sung hạng mục đang nằm trong danh mục loại trừ (mục 2.1.3 của báo cáo).
B11: Tài liệu bị ảnh hưởng | C11: Charter, tuyên bố phạm vi, bảng yêu cầu, WBS, lịch, cost baseline, phân tích tài chính.
B13: B. CHI PHÍ BOTTOM-UP CỦA CR-01 (triệu đồng)
B14: HẠNG MỤC | C14: NGUỒN LỰC | D14: SỐ LƯỢNG | E14: ĐƠN VỊ | F14: ĐƠN GIÁ | G14: THÀNH TIỀN | H14: CƠ SỞ
B15: Thiết kế UX/UI, kiến trúc ứng dụng | C15: TV | D15: 20 | E15: ngày công | F15: =INDEX('Nguồn lực'!$D$5:$D$8,MATCH($C15,'Nguồn lực'!$B$5:$B$8,0)) -> 2 | G15: =D15*F15 -> 40 | H15: Đơn giá ngày công từ sheet Nguồn lực
B16: Lập trình ứng dụng iOS, Android (2 người × 8 tuần × 5 ngày) | C16: TV | D16: 80 | E16: ngày công | F16: =INDEX('Nguồn lực'!$D$5:$D$8,MATCH($C16,'Nguồn lực'!$B$5:$B$8,0)) -> 2 | G16: =D16*F16 -> 160 | H16: Đơn giá ngày công từ sheet Nguồn lực
B17: Kiểm thử trên 2 hệ điều hành, thiết bị thật | C17: TV | D17: 10 | E17: ngày công | F17: =INDEX('Nguồn lực'!$D$5:$D$8,MATCH($C17,'Nguồn lực'!$B$5:$B$8,0)) -> 2 | G17: =D17*F17 -> 20 | H17: Đơn giá ngày công từ sheet Nguồn lực
B18: BA: luồng màn hình, yêu cầu, nghiệm thu | C18: BA | D18: 15 | E18: ngày công | F18: =INDEX('Nguồn lực'!$D$5:$D$8,MATCH($C18,'Nguồn lực'!$B$5:$B$8,0)) -> 1.5 | G18: =D18*F18 -> 22.5 | H18: Đơn giá ngày công từ sheet Nguồn lực
B19: Ban QLDA, IT, key user: UAT, vận hành thử | C19: NB | D19: 25 | E19: ngày công | F19: =INDEX('Nguồn lực'!$D$5:$D$8,MATCH($C19,'Nguồn lực'!$B$5:$B$8,0)) -> 1 | G19: =D19*F19 -> 25 | H19: Đơn giá ngày công từ sheet Nguồn lực
B20: Tài khoản nhà phát triển, dịch vụ thông báo đẩy, kiểm thử bảo mật | C20: — | D20: 1 | E20: gói | F20: 32.5 | G20: =D20*F20 -> 32.5 | H20: Báo giá tham khảo
B21: Chi phí CR-01 | G21: =SUM(G15:G20) -> 300 | H21: ="Ngày công: "&SUMIF(C15:C20,"TV",D15:D20)&" tư vấn + "&SUMIF(C15:C20,"BA",D15:D20)&" BA + "&SUMIF(C15:C20,"NB",D15:D20)&" nội bộ" -> Ngày công: 110 tư vấn + 15 BA + 25 nội bộ
B23: C. TÁC ĐỘNG LỊCH – TÍNH LẠI CPM
B24: CHỈ TIÊU | C24: HIỆN HÀNH | D24: NẾU CHẤP NHẬN | E24: CHÊNH LỆCH | F24: CÔNG THỨC, CƠ SỞ
B25: Hoạt động mới U: ứng dụng di động (tuần) | D25: 8 | F25: Dữ liệu nhập: 2 lập trình viên × 8 tuần; chỉ bắt đầu sau E vì cần API của RMS lõi ổn định; phải xong trước SIT (L)
B26: EF(E) – cấu hình RMS lõi xong (tuần) | C26: =INDEX('Hoạt động, lịch'!$M$5:$M$26,MATCH("E",'Hoạt động, lịch'!$B$5:$B$26,0)) -> 14 | F26: Sheet Hoạt động, lịch
B27: ES(U) = EF(E) (quan hệ FS) | D27: =C26 -> 14 | F27: U bắt đầu ngay sau E
B28: EF(U) = ES(U) + thời lượng | D28: =D27+D25 -> 22
B29: ES(L) – SIT bắt đầu (tuần) | C29: =INDEX('Hoạt động, lịch'!$L$5:$L$26,MATCH("L",'Hoạt động, lịch'!$B$5:$B$26,0)) -> 14 | D29: =MAX(C29,D28) -> 22 | E29: =D29-C29 -> 8 | F29: ES(L) = MAX(EF các predecessor), thêm U
B30: Total Slack của L | C30: =INDEX('Hoạt động, lịch'!$P$5:$P$26,MATCH("L",'Hoạt động, lịch'!$B$5:$B$26,0)) -> 0 | D30: =0 -> 0 | F30: L nằm trên Critical Path: không còn dự trữ
B31: Dự án trễ (tuần) | D31: =MAX(0,D29-C29-C30) -> 8 | F31: ES(L) mới − ES(L) cũ − Total Slack
B32: Thời gian dự án (tuần) | C32: ='Hoạt động, lịch'!$D$29 -> 26 | D32: =C32+D31 -> 34 | E32: =D32-C32 -> 8 | F32: Critical Path mới: Start → A → B → C → E → U → L → M → P → Q → R → S/T → End
B33: M6: 5/5 nhà hàng go-live | C33: =INDEX('Hoạt động, lịch'!$U$5:$U$26,MATCH("Q",'Hoạt động, lịch'!$B$5:$B$26,0)) -> 46598 | D33: =C33+7*D31 -> 46654 | E33: =D33-C33 -> 56 | F33: Thứ Sáu cuối hoạt động Q (Charter: 30/07/2027)
B34: M7: nghiệm thu, đóng dự án | C34: =INDEX('Hoạt động, lịch'!$U$5:$U$26,MATCH("S",'Hoạt động, lịch'!$B$5:$B$26,0)) -> 46626 | D34: =C34+7*D31 -> 46682 | E34: =D34-C34 -> 56 | F34: Thứ Sáu cuối hoạt động S (Charter: 27/08/2027)
B35: Số tháng chạy ổn định trước 01/12/2027 | C35: =(DATE(2027,12,1)-C33)/30.4 -> 4.0789474 | D35: =(DATE(2027,12,1)-D33)/30.4 -> 2.2368421 | E35: =D35-C35 -> -1.8421053 | F35: Charter (tam giác ràng buộc): cần ≈ 3 tháng chạy ổn định trước mùa cao điểm cuối năm
B37: D. TÁC ĐỘNG NGÂN SÁCH (triệu đồng)
B38: CHỈ TIÊU | C38: EAC KHÔNG ĐIỂN HÌNH | D38: EAC ĐIỂN HÌNH | E38: CÔNG THỨC, CƠ SỞ
B39: EAC hiện hành (sheet EVM) | C39: =EVM!$D$48 -> 1424.6 | D39: =EVM!$D$51 -> 1483.3528 | E39: Dự báo chi phí khi hoàn thành tại ngày chốt EVM
B40: + Chi phí CR-01 | C40: =$G$21 -> 300 | D40: =$G$21 -> 300 | E40: Mục B
B41: EAC nếu chấp nhận CR-01 | C41: =C39+C40 -> 1724.6 | D41: =D39+D40 -> 1783.3528 | E41: EAC + chi phí CR-01
B42: Ngân sách đã duyệt (Charter) | C42: ='Chi phí'!$J$79 -> 1500 | D42: ='Chi phí'!$J$79 -> 1500 | E42: BAC + dự phòng = 1.500 triệu đồng
B43: Vượt ngân sách | C43: =MAX(0,C41-C42) -> 224.6 | D43: =MAX(0,D41-D42) -> 283.35283 | E43: EAC mới − ngân sách
B44: Dự phòng còn lại (sheet EVM) | C44: =EVM!$D$54 -> 75.4 | D44: =EVM!$D$56 -> 16.647166 | E44: Dự phòng 140 − phần đã dùng theo dự báo
B45: Dự phòng có đủ chi trả CR-01? | C45: =IF(C44>=C40,"Đủ","KHÔNG ĐỦ") -> KHÔNG ĐỦ | D45: =IF(D44>=D40,"Đủ","KHÔNG ĐỦ") -> KHÔNG ĐỦ | E45: Dự phòng dành cho rủi ro đã nhận diện, không dùng cho thay đổi phạm vi
B47: D2. TÁC ĐỘNG HIỆU QUẢ TÀI CHÍNH (lấy từ sheet Dòng tiền)
B48: CHỈ TIÊU | C48: HIỆN HÀNH | D48: NẾU CHẤP NHẬN | E48: CHÊNH LỆCH | F48: CÔNG THỨC, CƠ SỞ
B49: NPV | C49: ='Dòng tiền'!$C$46 -> 1243.172 | D49: =C49-$G$21 -> 943.17203 | E49: =D49-C49 -> -300 | F49: Chi phí CR-01 phát sinh năm 0 (không chiết khấu); chưa tính lợi ích, chi phí vận hành của ứng dụng
B50: ROI | C50: ='Dòng tiền'!$C$48 -> 0.59355445 | D50: =D49/('Dòng tiền'!$G$41+$G$21) -> 0.39389871 | E50: =D50-C50 -> -0.19965574 | F50: (NPV − CR) / (Σ PV chi phí + CR)
B51: Hoàn vốn giản đơn (năm) | C51: ='Dòng tiền'!$C$49 -> 1.2918042 | D51: =('Dòng tiền'!$C$13+$G$21)/AVERAGE('Dòng tiền'!$D$38:$F$38) -> 1.5501651 | E51: =D51-C51 -> 0.25836084 | F51: (Vốn đầu tư + CR) / dòng tiền ròng trung bình năm
B53: E. ĐIỀU KIỆN CHẤP NHẬN VÀ QUYẾT ĐỊNH
B54: KIỂM TRA | C54: KẾT QUẢ | E54: CƠ SỞ
B55: Nghiệm thu M7 vượt hạn Charter 27/08/2027? | C55: =IF(D34>DATE(2027,8,27),"Có","Không") -> Có | E55: Ràng buộc thời gian là ưu tiên 1 (tam giác ràng buộc của Charter)
B56: Thời gian chạy ổn định trước mùa cao điểm < 3 tháng? | C56: =IF(D35<3,"Có","Không") -> Có | E56: Charter (tam giác ràng buộc)
B57: EAC mới vượt ngân sách 1.500 triệu đồng? | C57: =IF(MAX(C43:D43)>0,"Có","Không") -> Có | E57: Charter (tam giác ràng buộc, tiêu chí thành công)
B58: Dự phòng còn lại đủ chi trả? | C58: =IF(AND(C45="Đủ",D45="Đủ"),"Đủ","Không đủ") -> Không đủ | E58: Mục D
B59: Khuyến nghị của PM | C59: =IF(OR(C55="Có",C56="Có",C57="Có",C58="Không đủ"),"Từ chối đưa vào baseline hiện tại; chuyển sang giai đoạn 2","Xem xét chấp nhận, cập nhật baseline") -> Từ chối đưa vào baseline hiện tại; chuyển sang giai đoạn 2
B60: Quyết định của CCB | C60: TỪ CHỐI đưa vào dự án; ghi vào danh mục giai đoạn 2; baseline giữ nguyên (BAC 1.360, ngân sách 1.500, 26 tuần)
B61: Người phê duyệt | C61: Lê Văn Thành – Tổng Giám đốc (Sponsor, chủ trì CCB); tham dự: Giám đốc vận hành, Kế toán trưởng, PM
B62: Ngày quyết định (phiên họp CCB) | C62: 46542

Sheet Nhất quán
B1: Đối chiếu Charter – WBS – lịch – ngân sách
B2: Cột Charter: dữ liệu nhập từ Charter (ô tô màu) · cột Kế hoạch: công thức lấy từ các sheet khác · Kết quả = Khớp khi chênh lệch bằng 0 (ngày với mốc, triệu đồng với tiền, tuần với thời gian)
B4: NỘI DUNG ĐỐI CHIẾU | C4: CHARTER / THAM CHIẾU | D4: KẾ HOẠCH | E4: CHÊNH LỆCH | F4: KẾT QUẢ | G4: NGUỒN CỦA CỘT KẾ HOẠCH
B5: THỜI GIAN, MỐC
B6: Thời gian dự án (tuần) | C6: 26 | D6: ='Hoạt động, lịch'!$D$29 -> 26 | E6: =D6-C6 -> 0 | F6: =IF(ABS(E6)<0.0005,"Khớp","LỆCH") -> Khớp | G6: Max EF của lịch (sheet Hoạt động, lịch)
B7: M0 – kick-off | C7: 46447 | D7: ='Hoạt động, lịch'!$D$28 -> 46447 | E7: =D7-C7 -> 0 | F7: =IF(ABS(E7)<0.0005,"Khớp","LỆCH") -> Khớp | G7: Thứ Hai đầu tuần 1
B8: M1 – SRS và kế hoạch được duyệt | C8: 46486 | D8: ='Hoạt động, lịch'!$D$28+(INDEX('Hoạt động, lịch'!$M$5:$M$26,MATCH("B",'Hoạt động, lịch'!$B$5:$B$26,0))-1)*7+4 -> 46486 | E8: =D8-C8 -> 0 | F8: =IF(ABS(E8)<0.0005,"Khớp","LỆCH") -> Khớp | G8: Thứ Sáu cuối hoạt động B (SRS)
B9: M2 – thiết kế được duyệt | C9: 46500 | D9: ='Hoạt động, lịch'!$D$28+(MAX(INDEX('Hoạt động, lịch'!$M$5:$M$26,MATCH("C",'Hoạt động, lịch'!$B$5:$B$26,0)),INDEX('Hoạt động, lịch'!$M$5:$M$26,MATCH("D",'Hoạt động, lịch'!$B$5:$B$26,0)))-1)*7+4 -> 46500 | E9: =D9-C9 -> 0 | F9: =IF(ABS(E9)<0.0005,"Khớp","LỆCH") -> Khớp | G9: Thứ Sáu cuối hoạt động C, D (thiết kế)
B10: M3 – xong SIT | C10: 46549 | D10: ='Hoạt động, lịch'!$D$28+(INDEX('Hoạt động, lịch'!$M$5:$M$26,MATCH("L",'Hoạt động, lịch'!$B$5:$B$26,0))-1)*7+4 -> 46549 | E10: =D10-C10 -> 0 | F10: =IF(ABS(E10)<0.0005,"Khớp","LỆCH") -> Khớp | G10: Thứ Sáu cuối hoạt động L (SIT)
B11: M4 – UAT đạt | C11: 46556 | D11: ='Hoạt động, lịch'!$D$28+(INDEX('Hoạt động, lịch'!$M$5:$M$26,MATCH("M",'Hoạt động, lịch'!$B$5:$B$26,0))-1)*7+4 -> 46556 | E11: =D11-C11 -> 0 | F11: =IF(ABS(E11)<0.0005,"Khớp","LỆCH") -> Khớp | G11: Thứ Sáu cuối hoạt động M (UAT)
B12: M5 – go-live pilot Cầu Giấy | C12: 46559 | D12: ='Hoạt động, lịch'!$D$28+INDEX('Hoạt động, lịch'!$L$5:$L$26,MATCH("P",'Hoạt động, lịch'!$B$5:$B$26,0))*7 -> 46559 | E12: =D12-C12 -> 0 | F12: =IF(ABS(E12)<0.0005,"Khớp","LỆCH") -> Khớp | G12: Thứ Hai đầu hoạt động P (pilot)
B13: M6 – 5/5 nhà hàng go-live | C13: 46598 | D13: ='Hoạt động, lịch'!$D$28+(INDEX('Hoạt động, lịch'!$M$5:$M$26,MATCH("Q",'Hoạt động, lịch'!$B$5:$B$26,0))-1)*7+4 -> 46598 | E13: =D13-C13 -> 0 | F13: =IF(ABS(E13)<0.0005,"Khớp","LỆCH") -> Khớp | G13: Thứ Sáu cuối hoạt động Q (rollout)
B14: M7 – nghiệm thu, đóng dự án | C14: 46626 | D14: ='Hoạt động, lịch'!$D$28+(MAX(INDEX('Hoạt động, lịch'!$M$5:$M$26,MATCH("S",'Hoạt động, lịch'!$B$5:$B$26,0)),INDEX('Hoạt động, lịch'!$M$5:$M$26,MATCH("T",'Hoạt động, lịch'!$B$5:$B$26,0)))-1)*7+4 -> 46626 | E14: =D14-C14 -> 0 | F14: =IF(ABS(E14)<0.0005,"Khớp","LỆCH") -> Khớp | G14: Thứ Sáu cuối hoạt động S, T (nghiệm thu, tổng kết)
B15: NGÂN SÁCH (triệu đồng)
B16: Ngân sách dự án | C16: 1500 | D16: ='Chi phí'!$J$79 -> 1500 | E16: =D16-C16 -> 0 | F16: =IF(ABS(E16)<0.0005,"Khớp","LỆCH") -> Khớp | G16: BAC + dự phòng (sheet Chi phí)
B17: Chi phí ước tính = cost baseline (BAC) | C17: 1360 | D17: ='Chi phí'!$J$77 -> 1360 | E17: =D17-C17 -> 0 | F17: =IF(ABS(E17)<0.0005,"Khớp","LỆCH") -> Khớp | G17: Tổng bottom-up (sheet Chi phí)
B18: Dự phòng rủi ro | C18: 140 | D18: ='Chi phí'!$J$78 -> 140 | E18: =D18-C18 -> 0 | F18: =IF(ABS(E18)<0.0005,"Khớp","LỆCH") -> Khớp | G18: Tổng 6 khoản dự phòng (sheet Chi phí)
B19: Nhân sự | C19: 640 | D19: ='Chi phí'!$J$70 -> 640 | E19: =D19-C19 -> 0 | F19: =IF(ABS(E19)<0.0005,"Khớp","LỆCH") -> Khớp | G19: Tổng theo loại chi phí (sheet Chi phí)
B20: Thiết bị | C20: 480 | D20: ='Chi phí'!$J$71 -> 480 | E20: =D20-C20 -> 0 | F20: =IF(ABS(E20)<0.0005,"Khớp","LỆCH") -> Khớp | G20: Tổng theo loại chi phí (sheet Chi phí)
B21: Phần mềm, cloud, dịch vụ | C21: 140 | D21: ='Chi phí'!$J$72 -> 140 | E21: =D21-C21 -> 0 | F21: =IF(ABS(E21)<0.0005,"Khớp","LỆCH") -> Khớp | G21: Tổng theo loại chi phí (sheet Chi phí)
B22: Đào tạo, tài liệu | C22: 40 | D22: ='Chi phí'!$J$73 -> 40 | E22: =D22-C22 -> 0 | F22: =IF(ABS(E22)<0.0005,"Khớp","LỆCH") -> Khớp | G22: Tổng theo loại chi phí (sheet Chi phí)
B23: Gián tiếp | C23: 60 | D23: ='Chi phí'!$J$74 -> 60 | E23: =D23-C23 -> 0 | F23: =IF(ABS(E23)<0.0005,"Khớp","LỆCH") -> Khớp | G23: Tổng theo loại chi phí (sheet Chi phí)
B24: Cost baseline lũy kế hết tháng 8 = BAC | C24: 1360 | D24: ='Cost baseline'!$M$15 -> 1360 | E24: =D24-C24 -> 0 | F24: =IF(ABS(E24)<0.0005,"Khớp","LỆCH") -> Khớp | G24: Lũy kế tháng cuối (sheet Cost baseline)
B25: WBS, LỊCH, CHI PHÍ
B26: Work package trong WBS | C26: 25 | D26: =SUMPRODUCT(--(LEN(WBS!$F$5:$F$44)>0)) -> 25 | E26: =D26-C26 -> 0 | F26: =IF(ABS(E26)<0.0005,"Khớp","LỆCH") -> Khớp | G26: Phần tử có mã hoạt động hoặc "–" (sheet WBS)
B27: Hoạt động A – T trong lịch | C27: 20 | D27: =COUNTA('Hoạt động, lịch'!$B$5:$B$26)-2 -> 20 | E27: =D27-C27 -> 0 | F27: =IF(ABS(E27)<0.0005,"Khớp","LỆCH") -> Khớp | G27: Số dòng sheet Hoạt động, lịch trừ Start, End
B28: Gói quản lý chạy suốt dự án (không vào sơ đồ mạng) | C28: 5 | D28: =COUNTIF(WBS!$F$5:$F$44,"–") -> 5 | E28: =D28-C28 -> 0 | F28: =IF(ABS(E28)<0.0005,"Khớp","LỆCH") -> Khớp | G28: Phần tử đánh dấu "–" (sheet WBS)
B29: Work package có chi phí | C29: 25 | D29: =COUNTIF('Chi phí'!$J$94:$J$118,">0") -> 25 | E29: =D29-C29 -> 0 | F29: =IF(ABS(E29)<0.0005,"Khớp","LỆCH") -> Khớp | G29: Bảng tổng hợp theo work package (sheet Chi phí)
B30: THEO DÕI, THAY ĐỔI, HIỆU QUẢ TÀI CHÍNH
B31: PV kỳ báo cáo EVM = lũy kế cost baseline đến hết tháng 5 | C31: ='Cost baseline'!$G$15 -> 753.83333 | D31: =EVM!$E$35 -> 753.83333 | E31: =D31-C31 -> 0 | F31: =IF(ABS(E31)<0.0005,"Khớp","LỆCH") -> Khớp | G31: Cột Charter lấy từ sheet Cost baseline; PV lấy từ sheet EVM
B32: Chi phí CR-01 = ước tính của Charter (app di động) | C32: 300 | D32: ='Thay đổi'!$G$21 -> 300 | E32: =D32-C32 -> 0 | F32: =IF(ABS(E32)<0.0005,"Khớp","LỆCH") -> Khớp | G32: Bottom-up ở sheet Thay đổi
B33: Thời gian trễ do CR-01 = ước tính của Charter (tuần) | C33: 8 | D33: ='Thay đổi'!$D$31 -> 8 | E33: =D33-C33 -> 0 | F33: =IF(ABS(E33)<0.0005,"Khớp","LỆCH") -> Khớp | G33: CPM tính lại ở sheet Thay đổi
B34: Vốn đầu tư năm 0 trong dòng tiền = ngân sách | C34: 1500 | D34: ='Dòng tiền'!$C$13 -> 1500 | E34: =D34-C34 -> 0 | F34: =IF(ABS(E34)<0.0005,"Khớp","LỆCH") -> Khớp | G34: Sheet Dòng tiền
B36: Số điểm đối chiếu | C36: =COUNTA(F5:F34) -> 26
B37: Số điểm khớp | C37: =COUNTIF(F5:F34,"Khớp") -> 26
B38: Kết luận | C38: =IF(C36=C37,"Tất cả khớp","Có điểm lệch") -> Tất cả khớp
