Workbook

Sheet Gantt - Baseline
B1: Dự án Web E-commerce – StartCorp
B2: Gantt chart BASELINE · 1 period = 1 tuần · dự án bắt đầu Tuần 1 | E2: Period Highlight: | J2: 6
B3: ACTIVITY | C3: PREDECESSOR | D3: RESOURCE | E3: PLAN START | F3: PLAN DURATION | G3: ACTUAL START | H3: ACTUAL DURATION | I3: % COMPLETE | J3: TUẦN
J4: 1 | K4: 2 | L4: 3 | M4: 4 | N4: 5 | O4: 6 | P4: 7 | Q4: 8 | R4: 9 | S4: 10 | T4: 11 | U4: 12
B5: =CPM!$B5&". "&CPM!$C5 -> A. Khảo sát & Phân tích yêu cầu (SRS) | C5: =CPM!$D5 -> — | D5: =CPM!$F5 -> Business Analyst (BA) | E5: =CPM!$G5+1 -> 1 | F5: =CPM!$E5 -> 2
B6: =CPM!$B6&". "&CPM!$C6 -> B. Thiết kế giao diện UI/UX | C6: =CPM!$D6 -> A | D6: =CPM!$F6 -> UI/UX Designer | E6: =CPM!$G6+1 -> 3 | F6: =CPM!$E6 -> 3
B7: =CPM!$B7&". "&CPM!$C7 -> C. Xây dựng CSDL & Backend | C7: =CPM!$D7 -> A | D7: =CPM!$F7 -> Backend Developer | E7: =CPM!$G7+1 -> 3 | F7: =CPM!$E7 -> 4
B8: =CPM!$B8&". "&CPM!$C8 -> D. Lập trình tính năng Frontend | C8: =CPM!$D8 -> B, C | D8: =CPM!$F8 -> Frontend Developer | E8: =CPM!$G8+1 -> 7 | F8: =CPM!$E8 -> 3
B9: =CPM!$B9&". "&CPM!$C9 -> E. Kiểm thử tích hợp & Sửa lỗi (UAT) | C9: =CPM!$D9 -> D | D9: =CPM!$F9 -> Tester & Developer | E9: =CPM!$G9+1 -> 10 | F9: =CPM!$E9 -> 2
B10: =CPM!$B10&". "&CPM!$C10 -> F. Đóng gói & Triển khai Production | C10: =CPM!$D10 -> E | D10: =CPM!$F10 -> DevOps Engineer | E10: =CPM!$G10+1 -> 12 | F10: =CPM!$E10 -> 1
B11: Số activity chạy đồng thời (Plan) | J11: =SUMPRODUCT((J$4>=$E$5:$E$10)*(J$4<=$E$5:$E$10+$F$5:$F$10-1)) -> 1 | K11: =SUMPRODUCT((K$4>=$E$5:$E$10)*(K$4<=$E$5:$E$10+$F$5:$F$10-1)) -> 1 | L11: =SUMPRODUCT((L$4>=$E$5:$E$10)*(L$4<=$E$5:$E$10+$F$5:$F$10-1)) -> 2 | M11: =SUMPRODUCT((M$4>=$E$5:$E$10)*(M$4<=$E$5:$E$10+$F$5:$F$10-1)) -> 2 | N11: =SUMPRODUCT((N$4>=$E$5:$E$10)*(N$4<=$E$5:$E$10+$F$5:$F$10-1)) -> 2 | O11: =SUMPRODUCT((O$4>=$E$5:$E$10)*(O$4<=$E$5:$E$10+$F$5:$F$10-1)) -> 1 | P11: =SUMPRODUCT((P$4>=$E$5:$E$10)*(P$4<=$E$5:$E$10+$F$5:$F$10-1)) -> 1 | Q11: =SUMPRODUCT((Q$4>=$E$5:$E$10)*(Q$4<=$E$5:$E$10+$F$5:$F$10-1)) -> 1 | ... U11: =SUMPRODUCT((U$4>=$E$5:$E$10)*(U$4<=$E$5:$E$10+$F$5:$F$10-1)) -> 1
J13: Legend
B14: {="Tuần "&$J$2&": đang thực hiện "&_xlfn.TEXTJOIN(", ",TRUE,IF(($J$2>=E5:E10)*($J$2<=E5:E10+F5:F10-1),CPM!$B$5:$B$10,""))&" ("&SUMPRODUCT(($J$2>=E5:E10)*($J$2<=E5:E10+F5:F10-1))&" activity)"} -> Tuần 6: đang thực hiện C (1 activity) | K14: Plan
B15: ="Critical Path: "&CPM!$D$14&" · Project duration: "&CPM!$D$13&" tuần · tên màu cam = critical activity" -> Critical Path: A → C → D → E → F · Project duration: 12 tuần · tên màu cam = critical activity | K15: Period Highlight

Sheet Gantt - Plan vs Actual
B1: Dự án Web E-commerce – StartCorp
B2: PLAN vs ACTUAL: C kéo dài thêm 1 tuần (sự cố tại Tuần 4) · Actual = đã làm + re-forecast | H2: Period Highlight: | J2: 4
B3: ACTIVITY | C3: PREDECESSOR | D3: RESOURCE | E3: PLAN START | F3: PLAN DURATION | G3: ACTUAL START | H3: ACTUAL DURATION | I3: % COMPLETE | J3: TUẦN
J4: 1 | K4: 2 | L4: 3 | M4: 4 | N4: 5 | O4: 6 | P4: 7 | Q4: 8 | R4: 9 | S4: 10 | T4: 11 | U4: 12 | V4: 13
B5: =CPM!$B5&". "&CPM!$C5 -> A. Khảo sát & Phân tích yêu cầu (SRS) | C5: =CPM!$D5 -> — | D5: =CPM!$F5 -> Business Analyst (BA) | E5: =CPM!$G5+1 -> 1 | F5: =CPM!$E5 -> 2 | G5: =E5 -> 1 | H5: =F5+SUMIF($B$19:$B$19,CPM!$B5,$C$19:$C$19) -> 2 | I5: =IF(H5=0,IF($J$2>=G5,1,0),IF($J$2<G5,0,MIN(1,($J$2-G5+1)/H5))) -> 1
B6: =CPM!$B6&". "&CPM!$C6 -> B. Thiết kế giao diện UI/UX | C6: =CPM!$D6 -> A | D6: =CPM!$F6 -> UI/UX Designer | E6: =CPM!$G6+1 -> 3 | F6: =CPM!$E6 -> 3 | G6: =MAX(G5+H5) -> 3 | H6: =F6+SUMIF($B$19:$B$19,CPM!$B6,$C$19:$C$19) -> 3 | I6: =IF(H6=0,IF($J$2>=G6,1,0),IF($J$2<G6,0,MIN(1,($J$2-G6+1)/H6))) -> 0.66666667
B7: =CPM!$B7&". "&CPM!$C7 -> C. Xây dựng CSDL & Backend | C7: =CPM!$D7 -> A | D7: =CPM!$F7 -> Backend Developer | E7: =CPM!$G7+1 -> 3 | F7: =CPM!$E7 -> 4 | G7: =MAX(G5+H5) -> 3 | H7: =F7+SUMIF($B$19:$B$19,CPM!$B7,$C$19:$C$19) -> 5 | I7: =IF(H7=0,IF($J$2>=G7,1,0),IF($J$2<G7,0,MIN(1,($J$2-G7+1)/H7))) -> 0.4
B8: =CPM!$B8&". "&CPM!$C8 -> D. Lập trình tính năng Frontend | C8: =CPM!$D8 -> B, C | D8: =CPM!$F8 -> Frontend Developer | E8: =CPM!$G8+1 -> 7 | F8: =CPM!$E8 -> 3 | G8: =MAX(G6+H6,G7+H7) -> 8 | H8: =F8+SUMIF($B$19:$B$19,CPM!$B8,$C$19:$C$19) -> 3 | I8: =IF(H8=0,IF($J$2>=G8,1,0),IF($J$2<G8,0,MIN(1,($J$2-G8+1)/H8))) -> 0
B9: =CPM!$B9&". "&CPM!$C9 -> E. Kiểm thử tích hợp & Sửa lỗi (UAT) | C9: =CPM!$D9 -> D | D9: =CPM!$F9 -> Tester & Developer | E9: =CPM!$G9+1 -> 10 | F9: =CPM!$E9 -> 2 | G9: =MAX(G8+H8) -> 11 | H9: =F9+SUMIF($B$19:$B$19,CPM!$B9,$C$19:$C$19) -> 2 | I9: =IF(H9=0,IF($J$2>=G9,1,0),IF($J$2<G9,0,MIN(1,($J$2-G9+1)/H9))) -> 0
B10: =CPM!$B10&". "&CPM!$C10 -> F. Đóng gói & Triển khai Production | C10: =CPM!$D10 -> E | D10: =CPM!$F10 -> DevOps Engineer | E10: =CPM!$G10+1 -> 12 | F10: =CPM!$E10 -> 1 | G10: =MAX(G9+H9) -> 13 | H10: =F10+SUMIF($B$19:$B$19,CPM!$B10,$C$19:$C$19) -> 1 | I10: =IF(H10=0,IF($J$2>=G10,1,0),IF($J$2<G10,0,MIN(1,($J$2-G10+1)/H10))) -> 0
B11: Số activity chạy đồng thời (Plan) | J11: =SUMPRODUCT((J$4>=$E$5:$E$10)*(J$4<=$E$5:$E$10+$F$5:$F$10-1)) -> 1 | K11: =SUMPRODUCT((K$4>=$E$5:$E$10)*(K$4<=$E$5:$E$10+$F$5:$F$10-1)) -> 1 | L11: =SUMPRODUCT((L$4>=$E$5:$E$10)*(L$4<=$E$5:$E$10+$F$5:$F$10-1)) -> 2 | M11: =SUMPRODUCT((M$4>=$E$5:$E$10)*(M$4<=$E$5:$E$10+$F$5:$F$10-1)) -> 2 | N11: =SUMPRODUCT((N$4>=$E$5:$E$10)*(N$4<=$E$5:$E$10+$F$5:$F$10-1)) -> 2 | O11: =SUMPRODUCT((O$4>=$E$5:$E$10)*(O$4<=$E$5:$E$10+$F$5:$F$10-1)) -> 1 | P11: =SUMPRODUCT((P$4>=$E$5:$E$10)*(P$4<=$E$5:$E$10+$F$5:$F$10-1)) -> 1 | Q11: =SUMPRODUCT((Q$4>=$E$5:$E$10)*(Q$4<=$E$5:$E$10+$F$5:$F$10-1)) -> 1 | ... V11: =SUMPRODUCT((V$4>=$E$5:$E$10)*(V$4<=$E$5:$E$10+$F$5:$F$10-1)) -> 0
B12: Số activity chạy đồng thời (Actual) | J12: =SUMPRODUCT((J$4>=$G$5:$G$10)*(J$4<=$G$5:$G$10+$H$5:$H$10-1)) -> 1 | K12: =SUMPRODUCT((K$4>=$G$5:$G$10)*(K$4<=$G$5:$G$10+$H$5:$H$10-1)) -> 1 | L12: =SUMPRODUCT((L$4>=$G$5:$G$10)*(L$4<=$G$5:$G$10+$H$5:$H$10-1)) -> 2 | M12: =SUMPRODUCT((M$4>=$G$5:$G$10)*(M$4<=$G$5:$G$10+$H$5:$H$10-1)) -> 2 | N12: =SUMPRODUCT((N$4>=$G$5:$G$10)*(N$4<=$G$5:$G$10+$H$5:$H$10-1)) -> 2 | O12: =SUMPRODUCT((O$4>=$G$5:$G$10)*(O$4<=$G$5:$G$10+$H$5:$H$10-1)) -> 1 | P12: =SUMPRODUCT((P$4>=$G$5:$G$10)*(P$4<=$G$5:$G$10+$H$5:$H$10-1)) -> 1 | Q12: =SUMPRODUCT((Q$4>=$G$5:$G$10)*(Q$4<=$G$5:$G$10+$H$5:$H$10-1)) -> 1 | ... V12: =SUMPRODUCT((V$4>=$G$5:$G$10)*(V$4<=$G$5:$G$10+$H$5:$H$10-1)) -> 1
J14: Legend
B15: {="Kết thúc dự án: Plan Tuần "&MAX(E5:E10+F5:F10-1)&" → Actual Tuần "&MAX(G5:G10+H5:H10-1)&" (chênh "&(MAX(G5:G10+H5:H10-1)-MAX(E5:E10+F5:F10-1))&" tuần)"} -> Kết thúc dự án: Plan Tuần 12 → Actual Tuần 13 (chênh 1 tuần) | K15: Plan (khoảng không còn thực hiện)
B16: {="Tuần "&$J$2&": đang thực hiện "&_xlfn.TEXTJOIN(", ",TRUE,IF(($J$2>=G5:G10)*($J$2<=G5:G10+H5:H10-1),CPM!$B$5:$B$10,""))&" · % Complete tính đến hết Tuần "&$J$2} -> Tuần 4: đang thực hiện B, C · % Complete tính đến hết Tuần 4 | K16: Actual (trong plan)
K17: Actual (beyond plan) – phần trễ
B18: Delay theo kịch bản (tuần, + trễ / − rút ngắn): | K18: % Complete
B19: C | C19: 1 | K19: % Complete (beyond plan)
K20: Period Highlight

Sheet CPM
B1: Bảng tính CPM – Critical Path
B2: Quy ước: ES(first) = 0 (đầu Tuần 1) · EF = ES + Duration · ES = max(EF các Predecessor) · LS = LF − Duration · LF = min(LS các Successor) · Total Slack = LS − ES · Free Slack = min(ES Successor) − EF
B3: ID | C3: ACTIVITY | D3: PREDECESSOR | E3: DURATION (TUẦN) | F3: RESOURCE | G3: ES | H3: EF | I3: LS | J3: LF | K3: TOTAL SLACK | L3: FREE SLACK | M3: CRITICAL? | N3: TUẦN
B5: A | C5: Khảo sát & Phân tích yêu cầu (SRS) | D5: — | E5: 2 | F5: Business Analyst (BA) | G5: =0 -> 0 | H5: =G5+E5 -> 2 | I5: =J5-E5 -> 0 | J5: =MIN(I6,I7) -> 2 | K5: =I5-G5 -> 0 | L5: =MIN(G6,G7)-H5 -> 0 | M5: =IF(ABS(K5)<0.0001,"Critical","") -> Critical | N5: =IF(E5=0,"Milestone",(G5+1)&IF(E5>1,"–"&H5,"")) -> 1–2
B6: B | C6: Thiết kế giao diện UI/UX | D6: A | E6: 3 | F6: UI/UX Designer | G6: =MAX(H5) -> 2 | H6: =G6+E6 -> 5 | I6: =J6-E6 -> 3 | J6: =MIN(I8) -> 6 | K6: =I6-G6 -> 1 | L6: =MIN(G8)-H6 -> 1 | M6: =IF(ABS(K6)<0.0001,"Critical","") | N6: =IF(E6=0,"Milestone",(G6+1)&IF(E6>1,"–"&H6,"")) -> 3–5
B7: C | C7: Xây dựng CSDL & Backend | D7: A | E7: 4 | F7: Backend Developer | G7: =MAX(H5) -> 2 | H7: =G7+E7 -> 6 | I7: =J7-E7 -> 2 | J7: =MIN(I8) -> 6 | K7: =I7-G7 -> 0 | L7: =MIN(G8)-H7 -> 0 | M7: =IF(ABS(K7)<0.0001,"Critical","") -> Critical | N7: =IF(E7=0,"Milestone",(G7+1)&IF(E7>1,"–"&H7,"")) -> 3–6
B8: D | C8: Lập trình tính năng Frontend | D8: B, C | E8: 3 | F8: Frontend Developer | G8: =MAX(H6,H7) -> 6 | H8: =G8+E8 -> 9 | I8: =J8-E8 -> 6 | J8: =MIN(I9) -> 9 | K8: =I8-G8 -> 0 | L8: =MIN(G9)-H8 -> 0 | M8: =IF(ABS(K8)<0.0001,"Critical","") -> Critical | N8: =IF(E8=0,"Milestone",(G8+1)&IF(E8>1,"–"&H8,"")) -> 7–9
B9: E | C9: Kiểm thử tích hợp & Sửa lỗi (UAT) | D9: D | E9: 2 | F9: Tester & Developer | G9: =MAX(H8) -> 9 | H9: =G9+E9 -> 11 | I9: =J9-E9 -> 9 | J9: =MIN(I10) -> 11 | K9: =I9-G9 -> 0 | L9: =MIN(G10)-H9 -> 0 | M9: =IF(ABS(K9)<0.0001,"Critical","") -> Critical | N9: =IF(E9=0,"Milestone",(G9+1)&IF(E9>1,"–"&H9,"")) -> 10–11
B10: F | C10: Đóng gói & Triển khai Production | D10: E | E10: 1 | F10: DevOps Engineer | G10: =MAX(H9) -> 11 | H10: =G10+E10 -> 12 | I10: =J10-E10 -> 11 | J10: =MAX($H$5:$H$10) -> 12 | K10: =I10-G10 -> 0 | L10: =MAX($H$5:$H$10)-H10 -> 0 | M10: =IF(ABS(K10)<0.0001,"Critical","") -> Critical | N10: =IF(E10=0,"Milestone",(G10+1)&IF(E10>1,"–"&H10,"")) -> 12
B12: Activity diễn ra từ Tuần ES+1 đến hết Tuần EF · Cột ID → Resource: dữ liệu đề bài; các cột còn lại tính bằng công thức.
C13: Project duration (tuần) | D13: =MAX(H5:H10) -> 12
C14: Critical Path (Total Slack = 0) | D14: {=_xlfn.TEXTJOIN(" → ",TRUE,IF(ABS(K5:K10)<0.0001,B5:B10,""))} -> A → C → D → E → F
C15: Path A → C → D → E → F (tuần) | D15: =E5+E7+E8+E9+E10 -> 12
C16: Path A → B → D → E → F (tuần) | D16: =E5+E6+E8+E9+E10 -> 11
